2021-09-02T17:28:08.262+09:00,Jaehwa,IdeState,Active,javaproject,Editor,C:/Users/Jaehwa/IdeaProjects/javaproject/src/main.java,,2,0,Default task
2021-09-02T17:28:09.267+09:00,Jaehwa,IdeState,Active,javaproject,Popup,C:/Users/Jaehwa/IdeaProjects/javaproject/src/main.java,,2,0,Default task
2021-09-02T17:28:10.275+09:00,Jaehwa,IdeState,Active,javaproject,Popup,C:/Users/Jaehwa/IdeaProjects/javaproject/src/main.java,,2,0,Default task
2021-09-02T17:28:10.313+09:00,Jaehwa,Action,Clear Tracking Log,,,,,-1,-1,
2021-09-02T17:28:11.284+09:00,Jaehwa,IdeState,Active,javaproject,Editor,C:/Users/Jaehwa/IdeaProjects/javaproject/src/main.java,,2,0,Default task
2021-09-02T17:28:12.297+09:00,Jaehwa,IdeState,Active,javaproject,Editor,C:/Users/Jaehwa/IdeaProjects/javaproject/src/main.java,,2,0,Default task
2021-09-02T17:28:13.309+09:00,Jaehwa,IdeState,Active,javaproject,Editor,C:/Users/Jaehwa/IdeaProjects/javaproject/src/main.java,,2,0,Default task
2021-09-02T17:28:14.321+09:00,Jaehwa,IdeState,Active,javaproject,Editor,C:/Users/Jaehwa/IdeaProjects/javaproject/src/main.java,,2,0,Default task
2021-09-02T17:28:15.334+09:00,Jaehwa,IdeState,Active,javaproject,Editor,C:/Users/Jaehwa/IdeaProjects/javaproject/src/main.java,,2,0,Default task
2021-09-02T17:28:16.344+09:00,Jaehwa,IdeState,Active,javaproject,Editor,C:/Users/Jaehwa/IdeaProjects/javaproject/src/main.java,,2,0,Default task
2021-09-02T17:28:17.349+09:00,Jaehwa,IdeState,Inactive,,,,,-1,-1,
2021-09-02T17:28:18.355+09:00,Jaehwa,IdeState,Inactive,,,,,-1,-1,
2021-09-02T17:28:19.364+09:00,Jaehwa,IdeState,Inactive,,,,,-1,-1,
2021-09-02T17:28:20.375+09:00,Jaehwa,IdeState,Inactive,,,,,-1,-1,
2021-09-02T17:28:21.390+09:00,Jaehwa,IdeState,Active,javaproject,Editor,C:/Users/Jaehwa/IdeaProjects/javaproject/src/main.java,,0,17,Default task
2021-09-02T17:28:22.406+09:00,Jaehwa,IdeState,Active,javaproject,Editor,C:/Users/Jaehwa/IdeaProjects/javaproject/src/main.java,,0,17,Default task
2021-09-02T17:28:23.407+09:00,Jaehwa,IdeState,Active,javaproject,Editor,C:/Users/Jaehwa/IdeaProjects/javaproject/src/main.java,,0,17,Default task
2021-09-02T17:28:24.013+09:00,Jaehwa,KeyEvent,65535:20:0,javaproject,Editor,C:/Users/Jaehwa/IdeaProjects/javaproject/src/main.java,,0,17,Default task
2021-09-02T17:28:24.109+09:00,Jaehwa,KeyEvent,72:72:0,javaproject,Editor,C:/Users/Jaehwa/IdeaProjects/javaproject/src/main.java,,0,17,Default task
2021-09-02T17:28:24.302+09:00,Jaehwa,KeyEvent,65535:20:0,javaproject,Editor,C:/Users/Jaehwa/IdeaProjects/javaproject/src/main.java,,0,14,Default task
2021-09-02T17:28:24.404+09:00,Jaehwa,KeyEvent,101:69:0,javaproject,Editor,C:/Users/Jaehwa/IdeaProjects/javaproject/src/main.java,,0,14,Default task
2021-09-02T17:28:24.442+09:00,Jaehwa,IdeState,Active,javaproject,Editor,C:/Users/Jaehwa/IdeaProjects/javaproject/src/main.java,,0,15,Default task
2021-09-02T17:28:24.485+09:00,Jaehwa,KeyEvent,108:76:0,javaproject,Editor,C:/Users/Jaehwa/IdeaProjects/javaproject/src/main.java,,0,15,Default task
2021-09-02T17:28:24.647+09:00,Jaehwa,KeyEvent,108:76:0,javaproject,Editor,C:/Users/Jaehwa/IdeaProjects/javaproject/src/main.java,,0,16,Default task
2021-09-02T17:28:25.169+09:00,Jaehwa,KeyEvent,111:79:0,javaproject,Editor,C:/Users/Jaehwa/IdeaProjects/javaproject/src/main.java,,0,17,Default task
2021-09-02T17:28:25.457+09:00,Jaehwa,IdeState,Active,javaproject,Editor,C:/Users/Jaehwa/IdeaProjects/javaproject/src/main.java,,0,18,Default task
2021-09-02T17:28:26.157+09:00,Jaehwa,KeyEvent,65535:20:0,javaproject,Editor,C:/Users/Jaehwa/IdeaProjects/javaproject/src/main.java,,0,18,Default task
2021-09-02T17:28:26.300+09:00,Jaehwa,KeyEvent,87:87:0,javaproject,Editor,C:/Users/Jaehwa/IdeaProjects/javaproject/src/main.java,,0,18,Default task
2021-09-02T17:28:26.435+09:00,Jaehwa,KeyEvent,79:79:0,javaproject,Editor,C:/Users/Jaehwa/IdeaProjects/javaproject/src/main.java,,0,19,Default task
2021-09-02T17:28:26.469+09:00,Jaehwa,IdeState,Active,javaproject,Editor,C:/Users/Jaehwa/IdeaProjects/javaproject/src/main.java,,0,20,Default task
2021-09-02T17:28:26.968+09:00,Jaehwa,Action,EditorBackSpace,javaproject,Editor,C:/Users/Jaehwa/IdeaProjects/javaproject/src/main.java,,0,20,Default task
2021-09-02T17:28:26.993+09:00,Jaehwa,KeyEvent,8:8:0,javaproject,Editor,C:/Users/Jaehwa/IdeaProjects/javaproject/src/main.java,,0,19,Default task
2021-09-02T17:28:26.996+09:00,Jaehwa,KeyEvent,65535:20:0,javaproject,Editor,C:/Users/Jaehwa/IdeaProjects/javaproject/src/main.java,,0,19,Default task
2021-09-02T17:28:27.197+09:00,Jaehwa,KeyEvent,111:79:0,javaproject,Editor,C:/Users/Jaehwa/IdeaProjects/javaproject/src/main.java,,0,19,Default task
2021-09-02T17:28:27.321+09:00,Jaehwa,KeyEvent,114:82:0,javaproject,Editor,C:/Users/Jaehwa/IdeaProjects/javaproject/src/main.java,,0,20,Default task
2021-09-02T17:28:27.480+09:00,Jaehwa,IdeState,Active,javaproject,Editor,C:/Users/Jaehwa/IdeaProjects/javaproject/src/main.java,,0,21,Default task
2021-09-02T17:28:27.568+09:00,Jaehwa,KeyEvent,108:76:0,javaproject,Editor,C:/Users/Jaehwa/IdeaProjects/javaproject/src/main.java,,0,21,Default task
2021-09-02T17:28:27.696+09:00,Jaehwa,KeyEvent,100:68:0,javaproject,Editor,C:/Users/Jaehwa/IdeaProjects/javaproject/src/main.java,,0,22,Default task
2021-09-02T17:28:28.487+09:00,Jaehwa,IdeState,Active,javaproject,Editor,C:/Users/Jaehwa/IdeaProjects/javaproject/src/main.java,,0,23,Default task
2021-09-02T17:28:29.491+09:00,Jaehwa,IdeState,Active,javaproject,Editor,C:/Users/Jaehwa/IdeaProjects/javaproject/src/main.java,,1,1,Default task
2021-09-02T17:28:30.507+09:00,Jaehwa,IdeState,Active,javaproject,Popup,C:/Users/Jaehwa/IdeaProjects/javaproject/src/main.java,,1,1,Default task
2021-09-02T17:28:31.522+09:00,Jaehwa,IdeState,Active,javaproject,Popup,C:/Users/Jaehwa/IdeaProjects/javaproject/src/main.java,,1,1,Default task
2021-09-02T17:28:32.525+09:00,Jaehwa,IdeState,Active,javaproject,Popup,C:/Users/Jaehwa/IdeaProjects/javaproject/src/main.java,,1,1,Default task
2021-09-02T17:28:33.539+09:00,Jaehwa,IdeState,Active,javaproject,Popup,C:/Users/Jaehwa/IdeaProjects/javaproject/src/main.java,,1,1,Default task
2021-09-02T17:28:34.548+09:00,Jaehwa,IdeState,Active,javaproject,Popup,C:/Users/Jaehwa/IdeaProjects/javaproject/src/main.java,,1,1,Default task
2021-09-02T17:28:35.564+09:00,Jaehwa,IdeState,Active,javaproject,Popup,C:/Users/Jaehwa/IdeaProjects/javaproject/src/main.java,,1,1,Default task
2021-09-02T17:28:36.576+09:00,Jaehwa,IdeState,Active,javaproject,Popup,C:/Users/Jaehwa/IdeaProjects/javaproject/src/main.java,,1,1,Default task
2021-09-02T17:28:36.877+09:00,Jaehwa,Action,RenameFile,javaproject,Popup,C:/Users/Jaehwa/IdeaProjects/javaproject/src/main.java,,1,1,Default task
2021-09-02T17:28:37.580+09:00,Jaehwa,IdeState,Active,javaproject,Popup,C:/Users/Jaehwa/IdeaProjects/javaproject/src/main.java,,1,1,Default task
2021-09-02T17:28:38.591+09:00,Jaehwa,IdeState,Active,javaproject,Popup,C:/Users/Jaehwa/IdeaProjects/javaproject/src/main.java,,1,1,Default task
2021-09-02T17:28:39.602+09:00,Jaehwa,IdeState,Active,javaproject,Popup,C:/Users/Jaehwa/IdeaProjects/javaproject/src/main.java,,1,1,Default task
2021-09-02T17:28:40.013+09:00,Jaehwa,KeyEvent,65535:20:0,javaproject,Popup,C:/Users/Jaehwa/IdeaProjects/javaproject/src/main.java,,1,1,Default task
2021-09-02T17:28:40.135+09:00,Jaehwa,KeyEvent,72:72:0,javaproject,Popup,C:/Users/Jaehwa/IdeaProjects/javaproject/src/main.java,,1,1,Default task
2021-09-02T17:28:40.217+09:00,Jaehwa,KeyEvent,65535:20:0,javaproject,Popup,C:/Users/Jaehwa/IdeaProjects/javaproject/src/main.java,,1,1,Default task
2021-09-02T17:28:40.615+09:00,Jaehwa,IdeState,Active,javaproject,Popup,C:/Users/Jaehwa/IdeaProjects/javaproject/src/main.java,,1,1,Default task
2021-09-02T17:28:40.642+09:00,Jaehwa,KeyEvent,101:69:0,javaproject,Popup,C:/Users/Jaehwa/IdeaProjects/javaproject/src/main.java,,1,1,Default task
2021-09-02T17:28:41.064+09:00,Jaehwa,KeyEvent,108:76:0,javaproject,Popup,C:/Users/Jaehwa/IdeaProjects/javaproject/src/main.java,,1,1,Default task
2021-09-02T17:28:41.189+09:00,Jaehwa,KeyEvent,108:76:0,javaproject,Popup,C:/Users/Jaehwa/IdeaProjects/javaproject/src/main.java,,1,1,Default task
2021-09-02T17:28:41.369+09:00,Jaehwa,KeyEvent,111:79:0,javaproject,Popup,C:/Users/Jaehwa/IdeaProjects/javaproject/src/main.java,,1,1,Default task
2021-09-02T17:28:41.575+09:00,Jaehwa,KeyEvent,65535:20:0,javaproject,Popup,C:/Users/Jaehwa/IdeaProjects/javaproject/src/main.java,,1,1,Default task
2021-09-02T17:28:41.627+09:00,Jaehwa,IdeState,Active,javaproject,Popup,C:/Users/Jaehwa/IdeaProjects/javaproject/src/main.java,,1,1,Default task
2021-09-02T17:28:41.880+09:00,Jaehwa,KeyEvent,87:87:0,javaproject,Popup,C:/Users/Jaehwa/IdeaProjects/javaproject/src/main.java,,1,1,Default task
2021-09-02T17:28:42.226+09:00,Jaehwa,KeyEvent,79:79:0,javaproject,Popup,C:/Users/Jaehwa/IdeaProjects/javaproject/src/main.java,,1,1,Default task
2021-09-02T17:28:42.336+09:00,Jaehwa,KeyEvent,65535:20:0,javaproject,Popup,C:/Users/Jaehwa/IdeaProjects/javaproject/src/main.java,,1,1,Default task
2021-09-02T17:28:42.636+09:00,Jaehwa,Action,EditorBackSpace,javaproject,Popup,C:/Users/Jaehwa/IdeaProjects/javaproject/src/main.java,,1,1,Default task
2021-09-02T17:28:42.641+09:00,Jaehwa,KeyEvent,8:8:0,javaproject,Popup,C:/Users/Jaehwa/IdeaProjects/javaproject/src/main.java,,1,1,Default task
2021-09-02T17:28:42.644+09:00,Jaehwa,IdeState,Active,javaproject,Popup,C:/Users/Jaehwa/IdeaProjects/javaproject/src/main.java,,1,1,Default task
2021-09-02T17:28:42.792+09:00,Jaehwa,KeyEvent,111:79:0,javaproject,Popup,C:/Users/Jaehwa/IdeaProjects/javaproject/src/main.java,,1,1,Default task
2021-09-02T17:28:42.946+09:00,Jaehwa,KeyEvent,114:82:0,javaproject,Popup,C:/Users/Jaehwa/IdeaProjects/javaproject/src/main.java,,1,1,Default task
2021-09-02T17:28:43.121+09:00,Jaehwa,KeyEvent,108:76:0,javaproject,Popup,C:/Users/Jaehwa/IdeaProjects/javaproject/src/main.java,,1,1,Default task
2021-09-02T17:28:43.247+09:00,Jaehwa,KeyEvent,100:68:0,javaproject,Popup,C:/Users/Jaehwa/IdeaProjects/javaproject/src/main.java,,1,1,Default task
2021-09-02T17:28:43.653+09:00,Jaehwa,IdeState,Active,javaproject,Popup,C:/Users/Jaehwa/IdeaProjects/javaproject/src/main.java,,1,1,Default task
2021-09-02T17:28:44.667+09:00,Jaehwa,IdeState,Active,javaproject,Popup,C:/Users/Jaehwa/IdeaProjects/javaproject/src/main.java,,1,1,Default task
2021-09-02T17:28:45.678+09:00,Jaehwa,IdeState,Active,javaproject,Popup,C:/Users/Jaehwa/IdeaProjects/javaproject/src/main.java,,1,1,Default task
2021-09-02T17:28:46.766+09:00,Jaehwa,IdeState,Active,javaproject,Popup,C:/Users/Jaehwa/IdeaProjects/javaproject/src/HelloWorld.java,,1,1,Default task
2021-09-02T17:28:47.782+09:00,Jaehwa,IdeState,Active,javaproject,Editor,C:/Users/Jaehwa/IdeaProjects/javaproject/src/HelloWorld.java,,2,0,Default task
2021-09-02T17:28:48.794+09:00,Jaehwa,IdeState,Active,javaproject,Editor,C:/Users/Jaehwa/IdeaProjects/javaproject/src/HelloWorld.java,,0,25,Default task
2021-09-02T17:28:49.523+09:00,Jaehwa,Action,EditorEnter,javaproject,Editor,C:/Users/Jaehwa/IdeaProjects/javaproject/src/HelloWorld.java,,0,25,Default task
2021-09-02T17:28:49.639+09:00,Jaehwa,KeyEvent,10:10:0,javaproject,Editor,C:/Users/Jaehwa/IdeaProjects/javaproject/src/HelloWorld.java,,1,4,Default task
2021-09-02T17:28:49.805+09:00,Jaehwa,IdeState,Active,javaproject,Editor,C:/Users/Jaehwa/IdeaProjects/javaproject/src/HelloWorld.java,,1,4,Default task
2021-09-02T17:28:50.726+09:00,Jaehwa,KeyEvent,112:80:0,javaproject,Editor,C:/Users/Jaehwa/IdeaProjects/javaproject/src/HelloWorld.java,,1,4,Default task
2021-09-02T17:28:50.808+09:00,Jaehwa,IdeState,Active,javaproject,Editor,C:/Users/Jaehwa/IdeaProjects/javaproject/src/HelloWorld.java,,1,5,Default task
2021-09-02T17:28:51.110+09:00,Jaehwa,KeyEvent,117:85:0,javaproject,Editor,C:/Users/Jaehwa/IdeaProjects/javaproject/src/HelloWorld.java,,1,5,Default task
2021-09-02T17:28:51.284+09:00,Jaehwa,KeyEvent,98:66:0,javaproject,Editor,C:/Users/Jaehwa/IdeaProjects/javaproject/src/HelloWorld.java,,1,6,Default task
2021-09-02T17:28:51.510+09:00,Jaehwa,KeyEvent,108:76:0,javaproject,Editor,C:/Users/Jaehwa/IdeaProjects/javaproject/src/HelloWorld.java,,1,7,Default task
2021-09-02T17:28:51.699+09:00,Jaehwa,KeyEvent,105:73:0,javaproject,Editor,C:/Users/Jaehwa/IdeaProjects/javaproject/src/HelloWorld.java,,1,8,Default task
2021-09-02T17:28:51.789+09:00,Jaehwa,KeyEvent,99:67:0,javaproject,Editor,C:/Users/Jaehwa/IdeaProjects/javaproject/src/HelloWorld.java,,1,9,Default task
2021-09-02T17:28:51.812+09:00,Jaehwa,IdeState,Active,javaproject,Editor,C:/Users/Jaehwa/IdeaProjects/javaproject/src/HelloWorld.java,,1,10,Default task
2021-09-02T17:28:52.001+09:00,Jaehwa,KeyEvent,32:32:0,javaproject,Editor,C:/Users/Jaehwa/IdeaProjects/javaproject/src/HelloWorld.java,,1,10,Default task
2021-09-02T17:28:52.814+09:00,Jaehwa,IdeState,Active,javaproject,Editor,C:/Users/Jaehwa/IdeaProjects/javaproject/src/HelloWorld.java,,1,11,Default task
2021-09-02T17:28:53.370+09:00,Jaehwa,KeyEvent,115:83:0,javaproject,Editor,C:/Users/Jaehwa/IdeaProjects/javaproject/src/HelloWorld.java,,1,11,Default task
2021-09-02T17:28:53.574+09:00,Jaehwa,KeyEvent,116:84:0,javaproject,Editor,C:/Users/Jaehwa/IdeaProjects/javaproject/src/HelloWorld.java,,1,12,Default task
2021-09-02T17:28:53.689+09:00,Jaehwa,KeyEvent,115:83:0,javaproject,Editor,C:/Users/Jaehwa/IdeaProjects/javaproject/src/HelloWorld.java,,1,13,Default task
2021-09-02T17:28:53.827+09:00,Jaehwa,IdeState,Active,javaproject,Editor,C:/Users/Jaehwa/IdeaProjects/javaproject/src/HelloWorld.java,,1,14,Default task
2021-09-02T17:28:54.534+09:00,Jaehwa,Action,EditorBackSpace,javaproject,Editor,C:/Users/Jaehwa/IdeaProjects/javaproject/src/HelloWorld.java,,1,14,Default task
2021-09-02T17:28:54.540+09:00,Jaehwa,KeyEvent,8:8:0,javaproject,Editor,C:/Users/Jaehwa/IdeaProjects/javaproject/src/HelloWorld.java,,1,13,Default task
2021-09-02T17:28:54.618+09:00,Jaehwa,KeyEvent,97:65:0,javaproject,Editor,C:/Users/Jaehwa/IdeaProjects/javaproject/src/HelloWorld.java,,1,13,Default task
2021-09-02T17:28:54.722+09:00,Jaehwa,KeyEvent,116:84:0,javaproject,Editor,C:/Users/Jaehwa/IdeaProjects/javaproject/src/HelloWorld.java,,1,14,Default task
2021-09-02T17:28:54.837+09:00,Jaehwa,IdeState,Active,javaproject,Editor,C:/Users/Jaehwa/IdeaProjects/javaproject/src/HelloWorld.java,,1,15,Default task
2021-09-02T17:28:55.032+09:00,Jaehwa,KeyEvent,105:73:0,javaproject,Editor,C:/Users/Jaehwa/IdeaProjects/javaproject/src/HelloWorld.java,,1,15,Default task
2021-09-02T17:28:55.572+09:00,Jaehwa,KeyEvent,99:67:0,javaproject,Editor,C:/Users/Jaehwa/IdeaProjects/javaproject/src/HelloWorld.java,,1,16,Default task
2021-09-02T17:28:55.797+09:00,Jaehwa,KeyEvent,32:32:0,javaproject,Editor,C:/Users/Jaehwa/IdeaProjects/javaproject/src/HelloWorld.java,,1,17,Default task
2021-09-02T17:28:55.841+09:00,Jaehwa,IdeState,Active,javaproject,Editor,C:/Users/Jaehwa/IdeaProjects/javaproject/src/HelloWorld.java,,1,18,Default task
2021-09-02T17:28:56.855+09:00,Jaehwa,IdeState,Active,javaproject,Editor,C:/Users/Jaehwa/IdeaProjects/javaproject/src/HelloWorld.java,,1,18,Default task
2021-09-02T17:28:57.179+09:00,Jaehwa,KeyEvent,118:86:0,javaproject,Editor,C:/Users/Jaehwa/IdeaProjects/javaproject/src/HelloWorld.java,,1,18,Default task
2021-09-02T17:28:57.321+09:00,Jaehwa,KeyEvent,111:79:0,javaproject,Editor,C:/Users/Jaehwa/IdeaProjects/javaproject/src/HelloWorld.java,,1,19,Default task
2021-09-02T17:28:57.497+09:00,Jaehwa,KeyEvent,105:73:0,javaproject,Editor,C:/Users/Jaehwa/IdeaProjects/javaproject/src/HelloWorld.java,,1,20,Default task
2021-09-02T17:28:57.603+09:00,Jaehwa,KeyEvent,100:68:0,javaproject,Editor,C:/Users/Jaehwa/IdeaProjects/javaproject/src/HelloWorld.java,,1,21,Default task
2021-09-02T17:28:57.870+09:00,Jaehwa,IdeState,Active,javaproject,Editor,C:/Users/Jaehwa/IdeaProjects/javaproject/src/HelloWorld.java,,1,22,Default task
2021-09-02T17:28:58.043+09:00,Jaehwa,KeyEvent,32:32:0,javaproject,Editor,C:/Users/Jaehwa/IdeaProjects/javaproject/src/HelloWorld.java,,1,22,Default task
2021-09-02T17:28:58.553+09:00,Jaehwa,KeyEvent,109:77:0,javaproject,Editor,C:/Users/Jaehwa/IdeaProjects/javaproject/src/HelloWorld.java,,1,23,Default task
2021-09-02T17:28:58.662+09:00,Jaehwa,KeyEvent,97:65:0,javaproject,Editor,C:/Users/Jaehwa/IdeaProjects/javaproject/src/HelloWorld.java,,1,24,Default task
2021-09-02T17:28:58.811+09:00,Jaehwa,KeyEvent,105:73:0,javaproject,Editor,C:/Users/Jaehwa/IdeaProjects/javaproject/src/HelloWorld.java,,1,25,Default task
2021-09-02T17:28:58.877+09:00,Jaehwa,IdeState,Active,javaproject,Editor,C:/Users/Jaehwa/IdeaProjects/javaproject/src/HelloWorld.java,,1,26,Default task
2021-09-02T17:28:59.071+09:00,Jaehwa,KeyEvent,110:78:0,javaproject,Editor,C:/Users/Jaehwa/IdeaProjects/javaproject/src/HelloWorld.java,,1,26,Default task
2021-09-02T17:28:59.623+09:00,Jaehwa,KeyEvent,65535:16:1,javaproject,Editor,C:/Users/Jaehwa/IdeaProjects/javaproject/src/HelloWorld.java,,1,27,Default task
2021-09-02T17:28:59.888+09:00,Jaehwa,IdeState,Active,javaproject,Editor,C:/Users/Jaehwa/IdeaProjects/javaproject/src/HelloWorld.java,,1,27,Default task
2021-09-02T17:28:59.968+09:00,Jaehwa,KeyEvent,40:57:1,javaproject,Editor,C:/Users/Jaehwa/IdeaProjects/javaproject/src/HelloWorld.java,,1,27,Default task
2021-09-02T17:29:00.381+09:00,Jaehwa,KeyEvent,65535:20:0,javaproject,Editor,C:/Users/Jaehwa/IdeaProjects/javaproject/src/HelloWorld.java,HelloWorld::main,1,28,Default task
2021-09-02T17:29:00.505+09:00,Jaehwa,KeyEvent,83:83:0,javaproject,Editor,C:/Users/Jaehwa/IdeaProjects/javaproject/src/HelloWorld.java,HelloWorld::main,1,28,Default task
2021-09-02T17:29:00.602+09:00,Jaehwa,KeyEvent,65535:20:0,javaproject,Editor,C:/Users/Jaehwa/IdeaProjects/javaproject/src/HelloWorld.java,HelloWorld::main,1,29,Default task
2021-09-02T17:29:00.902+09:00,Jaehwa,IdeState,Active,javaproject,Editor,C:/Users/Jaehwa/IdeaProjects/javaproject/src/HelloWorld.java,HelloWorld::main,1,29,Default task
2021-09-02T17:29:00.923+09:00,Jaehwa,KeyEvent,116:84:0,javaproject,Editor,C:/Users/Jaehwa/IdeaProjects/javaproject/src/HelloWorld.java,HelloWorld::main,1,29,Default task
2021-09-02T17:29:01.130+09:00,Jaehwa,KeyEvent,114:82:0,javaproject,Editor,C:/Users/Jaehwa/IdeaProjects/javaproject/src/HelloWorld.java,HelloWorld::main,1,30,Default task
2021-09-02T17:29:01.280+09:00,Jaehwa,KeyEvent,105:73:0,javaproject,Editor,C:/Users/Jaehwa/IdeaProjects/javaproject/src/HelloWorld.java,HelloWorld::main,1,31,Default task
2021-09-02T17:29:01.498+09:00,Jaehwa,KeyEvent,110:78:0,javaproject,Editor,C:/Users/Jaehwa/IdeaProjects/javaproject/src/HelloWorld.java,HelloWorld::main,1,32,Default task
2021-09-02T17:29:01.581+09:00,Jaehwa,KeyEvent,103:71:0,javaproject,Editor,C:/Users/Jaehwa/IdeaProjects/javaproject/src/HelloWorld.java,HelloWorld::main,1,33,Default task
2021-09-02T17:29:01.928+09:00,Jaehwa,IdeState,Active,javaproject,Editor,C:/Users/Jaehwa/IdeaProjects/javaproject/src/HelloWorld.java,HelloWorld::main,1,34,Default task
2021-09-02T17:29:02.717+09:00,Jaehwa,KeyEvent,32:32:0,javaproject,Editor,C:/Users/Jaehwa/IdeaProjects/javaproject/src/HelloWorld.java,HelloWorld::main,1,34,Default task
2021-09-02T17:29:02.935+09:00,Jaehwa,IdeState,Active,javaproject,Editor,C:/Users/Jaehwa/IdeaProjects/javaproject/src/HelloWorld.java,HelloWorld::main,1,35,Default task
2021-09-02T17:29:03.368+09:00,Jaehwa,Action,EditorBackSpace,javaproject,Editor,C:/Users/Jaehwa/IdeaProjects/javaproject/src/HelloWorld.java,HelloWorld::main,1,35,Default task
2021-09-02T17:29:03.375+09:00,Jaehwa,KeyEvent,8:8:0,javaproject,Editor,C:/Users/Jaehwa/IdeaProjects/javaproject/src/HelloWorld.java,HelloWorld::main,1,34,Default task
2021-09-02T17:29:03.666+09:00,Jaehwa,KeyEvent,91:91:0,javaproject,Editor,C:/Users/Jaehwa/IdeaProjects/javaproject/src/HelloWorld.java,HelloWorld::main,1,34,Default task
2021-09-02T17:29:03.761+09:00,Jaehwa,KeyEvent,93:93:0,javaproject,Editor,C:/Users/Jaehwa/IdeaProjects/javaproject/src/HelloWorld.java,HelloWorld::main,1,35,Default task
2021-09-02T17:29:03.851+09:00,Jaehwa,KeyEvent,32:32:0,javaproject,Editor,C:/Users/Jaehwa/IdeaProjects/javaproject/src/HelloWorld.java,HelloWorld::main,1,36,Default task
2021-09-02T17:29:03.947+09:00,Jaehwa,IdeState,Active,javaproject,Editor,C:/Users/Jaehwa/IdeaProjects/javaproject/src/HelloWorld.java,HelloWorld::main,1,37,Default task
2021-09-02T17:29:04.195+09:00,Jaehwa,KeyEvent,97:65:0,javaproject,Editor,C:/Users/Jaehwa/IdeaProjects/javaproject/src/HelloWorld.java,HelloWorld::main,1,37,Default task
2021-09-02T17:29:04.372+09:00,Jaehwa,KeyEvent,114:82:0,javaproject,Editor,C:/Users/Jaehwa/IdeaProjects/javaproject/src/HelloWorld.java,HelloWorld::main,1,38,Default task
2021-09-02T17:29:04.691+09:00,Jaehwa,KeyEvent,103:71:0,javaproject,Editor,C:/Users/Jaehwa/IdeaProjects/javaproject/src/HelloWorld.java,HelloWorld::main,1,39,Default task
2021-09-02T17:29:04.963+09:00,Jaehwa,IdeState,Active,javaproject,Editor,C:/Users/Jaehwa/IdeaProjects/javaproject/src/HelloWorld.java,HelloWorld::main,1,40,Default task
2021-09-02T17:29:04.996+09:00,Jaehwa,KeyEvent,115:83:0,javaproject,Editor,C:/Users/Jaehwa/IdeaProjects/javaproject/src/HelloWorld.java,HelloWorld::main,1,40,Default task
2021-09-02T17:29:05.751+09:00,Jaehwa,Action,EditorRight,javaproject,Editor,C:/Users/Jaehwa/IdeaProjects/javaproject/src/HelloWorld.java,HelloWorld::main,1,41,Default task
2021-09-02T17:29:05.756+09:00,Jaehwa,KeyEvent,65535:39:0,javaproject,Editor,C:/Users/Jaehwa/IdeaProjects/javaproject/src/HelloWorld.java,,1,42,Default task
2021-09-02T17:29:05.970+09:00,Jaehwa,IdeState,Active,javaproject,Editor,C:/Users/Jaehwa/IdeaProjects/javaproject/src/HelloWorld.java,,1,42,Default task
2021-09-02T17:29:06.210+09:00,Jaehwa,KeyEvent,65535:16:1,javaproject,Editor,C:/Users/Jaehwa/IdeaProjects/javaproject/src/HelloWorld.java,,1,42,Default task
2021-09-02T17:29:06.535+09:00,Jaehwa,KeyEvent,123:91:1,javaproject,Editor,C:/Users/Jaehwa/IdeaProjects/javaproject/src/HelloWorld.java,,1,42,Default task
2021-09-02T17:29:06.759+09:00,Jaehwa,Action,EditorEnter,javaproject,Editor,C:/Users/Jaehwa/IdeaProjects/javaproject/src/HelloWorld.java,HelloWorld::main,1,43,Default task
2021-09-02T17:29:06.841+09:00,Jaehwa,KeyEvent,10:10:0,javaproject,Editor,C:/Users/Jaehwa/IdeaProjects/javaproject/src/HelloWorld.java,,2,8,Default task
2021-09-02T17:29:06.975+09:00,Jaehwa,IdeState,Active,javaproject,Editor,C:/Users/Jaehwa/IdeaProjects/javaproject/src/HelloWorld.java,HelloWorld::main,2,8,Default task
2021-09-02T17:29:07.992+09:00,Jaehwa,IdeState,Active,javaproject,Editor,C:/Users/Jaehwa/IdeaProjects/javaproject/src/HelloWorld.java,HelloWorld::main,2,8,Default task
2021-09-02T17:29:09.008+09:00,Jaehwa,IdeState,Active,javaproject,Editor,C:/Users/Jaehwa/IdeaProjects/javaproject/src/HelloWorld.java,HelloWorld::main,2,8,Default task
2021-09-02T17:29:10.022+09:00,Jaehwa,IdeState,Active,javaproject,Editor,C:/Users/Jaehwa/IdeaProjects/javaproject/src/HelloWorld.java,HelloWorld::main,2,8,Default task
2021-09-02T17:29:11.029+09:00,Jaehwa,IdeState,Active,javaproject,Editor,C:/Users/Jaehwa/IdeaProjects/javaproject/src/HelloWorld.java,HelloWorld::main,2,8,Default task
2021-09-02T17:29:12.043+09:00,Jaehwa,IdeState,Active,javaproject,Editor,C:/Users/Jaehwa/IdeaProjects/javaproject/src/HelloWorld.java,HelloWorld::main,2,8,Default task
2021-09-02T17:29:12.971+09:00,Jaehwa,KeyEvent,65535:20:0,javaproject,Editor,C:/Users/Jaehwa/IdeaProjects/javaproject/src/HelloWorld.java,HelloWorld::main,2,8,Default task
2021-09-02T17:29:13.053+09:00,Jaehwa,IdeState,Active,javaproject,Editor,C:/Users/Jaehwa/IdeaProjects/javaproject/src/HelloWorld.java,HelloWorld::main,2,8,Default task
2021-09-02T17:29:13.079+09:00,Jaehwa,KeyEvent,83:83:0,javaproject,Editor,C:/Users/Jaehwa/IdeaProjects/javaproject/src/HelloWorld.java,HelloWorld::main,2,8,Default task
2021-09-02T17:29:13.179+09:00,Jaehwa,KeyEvent,65535:20:0,javaproject,Editor,C:/Users/Jaehwa/IdeaProjects/javaproject/src/HelloWorld.java,HelloWorld::main,2,9,Default task
2021-09-02T17:29:13.520+09:00,Jaehwa,KeyEvent,121:89:0,javaproject,Editor,C:/Users/Jaehwa/IdeaProjects/javaproject/src/HelloWorld.java,HelloWorld::main,2,9,Default task
2021-09-02T17:29:14.059+09:00,Jaehwa,IdeState,Active,javaproject,Editor,C:/Users/Jaehwa/IdeaProjects/javaproject/src/HelloWorld.java,HelloWorld::main,2,10,Default task
2021-09-02T17:29:14.118+09:00,Jaehwa,KeyEvent,115:83:0,javaproject,Editor,C:/Users/Jaehwa/IdeaProjects/javaproject/src/HelloWorld.java,HelloWorld::main,2,10,Default task
2021-09-02T17:29:15.072+09:00,Jaehwa,IdeState,Active,javaproject,Editor,C:/Users/Jaehwa/IdeaProjects/javaproject/src/HelloWorld.java,HelloWorld::main,2,11,Default task
2021-09-02T17:29:15.847+09:00,Jaehwa,KeyEvent,116:84:0,javaproject,Editor,C:/Users/Jaehwa/IdeaProjects/javaproject/src/HelloWorld.java,HelloWorld::main,2,11,Default task
2021-09-02T17:29:16.084+09:00,Jaehwa,IdeState,Active,javaproject,Editor,C:/Users/Jaehwa/IdeaProjects/javaproject/src/HelloWorld.java,HelloWorld::main,2,12,Default task
2021-09-02T17:29:16.335+09:00,Jaehwa,KeyEvent,101:69:0,javaproject,Editor,C:/Users/Jaehwa/IdeaProjects/javaproject/src/HelloWorld.java,HelloWorld::main,2,12,Default task
2021-09-02T17:29:16.486+09:00,Jaehwa,KeyEvent,109:77:0,javaproject,Editor,C:/Users/Jaehwa/IdeaProjects/javaproject/src/HelloWorld.java,HelloWorld::main,2,13,Default task
2021-09-02T17:29:17.089+09:00,Jaehwa,IdeState,Active,javaproject,Editor,C:/Users/Jaehwa/IdeaProjects/javaproject/src/HelloWorld.java,HelloWorld::main,2,14,Default task
2021-09-02T17:29:17.441+09:00,Jaehwa,KeyEvent,46:46:0,javaproject,Editor,C:/Users/Jaehwa/IdeaProjects/javaproject/src/HelloWorld.java,HelloWorld::main,2,14,Default task
2021-09-02T17:29:17.704+09:00,Jaehwa,KeyEvent,111:79:0,javaproject,Editor,C:/Users/Jaehwa/IdeaProjects/javaproject/src/HelloWorld.java,HelloWorld::main,2,15,Default task
2021-09-02T17:29:17.931+09:00,Jaehwa,KeyEvent,117:85:0,javaproject,Editor,C:/Users/Jaehwa/IdeaProjects/javaproject/src/HelloWorld.java,HelloWorld::main,2,16,Default task
2021-09-02T17:29:18.060+09:00,Jaehwa,KeyEvent,116:84:0,javaproject,Editor,C:/Users/Jaehwa/IdeaProjects/javaproject/src/HelloWorld.java,HelloWorld::main,2,17,Default task
2021-09-02T17:29:18.092+09:00,Jaehwa,IdeState,Active,javaproject,Editor,C:/Users/Jaehwa/IdeaProjects/javaproject/src/HelloWorld.java,HelloWorld::main,2,18,Default task
2021-09-02T17:29:18.371+09:00,Jaehwa,KeyEvent,46:46:0,javaproject,Editor,C:/Users/Jaehwa/IdeaProjects/javaproject/src/HelloWorld.java,HelloWorld::main,2,18,Default task
2021-09-02T17:29:19.106+09:00,Jaehwa,IdeState,Active,javaproject,Editor,C:/Users/Jaehwa/IdeaProjects/javaproject/src/HelloWorld.java,HelloWorld::main,2,19,Default task
2021-09-02T17:29:19.187+09:00,Jaehwa,KeyEvent,112:80:0,javaproject,Editor,C:/Users/Jaehwa/IdeaProjects/javaproject/src/HelloWorld.java,HelloWorld::main,2,19,Default task
2021-09-02T17:29:19.378+09:00,Jaehwa,KeyEvent,114:82:0,javaproject,Editor,C:/Users/Jaehwa/IdeaProjects/javaproject/src/HelloWorld.java,HelloWorld::main,2,20,Default task
2021-09-02T17:29:20.024+09:00,Jaehwa,KeyEvent,105:73:0,javaproject,Editor,C:/Users/Jaehwa/IdeaProjects/javaproject/src/HelloWorld.java,HelloWorld::main,2,21,Default task
2021-09-02T17:29:20.120+09:00,Jaehwa,IdeState,Active,javaproject,Editor,C:/Users/Jaehwa/IdeaProjects/javaproject/src/HelloWorld.java,HelloWorld::main,2,22,Default task
2021-09-02T17:29:20.282+09:00,Jaehwa,KeyEvent,110:78:0,javaproject,Editor,C:/Users/Jaehwa/IdeaProjects/javaproject/src/HelloWorld.java,HelloWorld::main,2,22,Default task
2021-09-02T17:29:20.377+09:00,Jaehwa,KeyEvent,116:84:0,javaproject,Editor,C:/Users/Jaehwa/IdeaProjects/javaproject/src/HelloWorld.java,HelloWorld::main,2,23,Default task
2021-09-02T17:29:21.124+09:00,Jaehwa,IdeState,Active,javaproject,Editor,C:/Users/Jaehwa/IdeaProjects/javaproject/src/HelloWorld.java,HelloWorld::main,2,24,Default task
2021-09-02T17:29:22.137+09:00,Jaehwa,IdeState,Active,javaproject,Editor,C:/Users/Jaehwa/IdeaProjects/javaproject/src/HelloWorld.java,HelloWorld::main,2,24,Default task
2021-09-02T17:29:22.918+09:00,Jaehwa,KeyEvent,65535:20:0,javaproject,Editor,C:/Users/Jaehwa/IdeaProjects/javaproject/src/HelloWorld.java,HelloWorld::main,2,24,Default task
2021-09-02T17:29:23.148+09:00,Jaehwa,IdeState,Active,javaproject,Editor,C:/Users/Jaehwa/IdeaProjects/javaproject/src/HelloWorld.java,HelloWorld::main,2,24,Default task
2021-09-02T17:29:23.728+09:00,Jaehwa,KeyEvent,73:73:0,javaproject,Editor,C:/Users/Jaehwa/IdeaProjects/javaproject/src/HelloWorld.java,HelloWorld::main,2,24,Default task
2021-09-02T17:29:23.877+09:00,Jaehwa,KeyEvent,65535:20:0,javaproject,Editor,C:/Users/Jaehwa/IdeaProjects/javaproject/src/HelloWorld.java,HelloWorld::main,2,25,Default task
2021-09-02T17:29:24.087+09:00,Jaehwa,KeyEvent,110:78:0,javaproject,Editor,C:/Users/Jaehwa/IdeaProjects/javaproject/src/HelloWorld.java,HelloWorld::main,2,25,Default task
2021-09-02T17:29:24.163+09:00,Jaehwa,IdeState,Active,javaproject,Editor,C:/Users/Jaehwa/IdeaProjects/javaproject/src/HelloWorld.java,HelloWorld::main,2,26,Default task
2021-09-02T17:29:24.552+09:00,Jaehwa,KeyEvent,65535:16:1,javaproject,Editor,C:/Users/Jaehwa/IdeaProjects/javaproject/src/HelloWorld.java,HelloWorld::main,2,26,Default task
2021-09-02T17:29:24.819+09:00,Jaehwa,KeyEvent,40:57:1,javaproject,Editor,C:/Users/Jaehwa/IdeaProjects/javaproject/src/HelloWorld.java,HelloWorld::main,2,26,Default task
2021-09-02T17:29:25.173+09:00,Jaehwa,IdeState,Active,javaproject,Editor,C:/Users/Jaehwa/IdeaProjects/javaproject/src/HelloWorld.java,HelloWorld::main,2,27,Default task
2021-09-02T17:29:25.878+09:00,Jaehwa,KeyEvent,65535:16:1,javaproject,Editor,C:/Users/Jaehwa/IdeaProjects/javaproject/src/HelloWorld.java,HelloWorld::main,2,27,Default task
2021-09-02T17:29:25.972+09:00,Jaehwa,KeyEvent,34:222:1,javaproject,Editor,C:/Users/Jaehwa/IdeaProjects/javaproject/src/HelloWorld.java,HelloWorld::main,2,27,Default task
2021-09-02T17:29:26.176+09:00,Jaehwa,IdeState,Active,javaproject,Editor,C:/Users/Jaehwa/IdeaProjects/javaproject/src/HelloWorld.java,HelloWorld::main,2,28,Default task
2021-09-02T17:29:27.183+09:00,Jaehwa,IdeState,Active,javaproject,Editor,C:/Users/Jaehwa/IdeaProjects/javaproject/src/HelloWorld.java,HelloWorld::main,2,28,Default task
2021-09-02T17:29:28.196+09:00,Jaehwa,IdeState,Active,javaproject,Editor,C:/Users/Jaehwa/IdeaProjects/javaproject/src/HelloWorld.java,HelloWorld::main,2,28,Default task
2021-09-02T17:29:29.209+09:00,Jaehwa,IdeState,Active,javaproject,Editor,C:/Users/Jaehwa/IdeaProjects/javaproject/src/HelloWorld.java,HelloWorld::main,2,28,Default task
2021-09-02T17:29:30.122+09:00,Jaehwa,KeyEvent,65535:20:0,javaproject,Editor,C:/Users/Jaehwa/IdeaProjects/javaproject/src/HelloWorld.java,HelloWorld::main,2,28,Default task
2021-09-02T17:29:30.221+09:00,Jaehwa,IdeState,Active,javaproject,Editor,C:/Users/Jaehwa/IdeaProjects/javaproject/src/HelloWorld.java,HelloWorld::main,2,28,Default task
2021-09-02T17:29:30.264+09:00,Jaehwa,KeyEvent,72:72:0,javaproject,Editor,C:/Users/Jaehwa/IdeaProjects/javaproject/src/HelloWorld.java,HelloWorld::main,2,28,Default task
2021-09-02T17:29:30.393+09:00,Jaehwa,KeyEvent,65535:20:0,javaproject,Editor,C:/Users/Jaehwa/IdeaProjects/javaproject/src/HelloWorld.java,HelloWorld::main,2,29,Default task
2021-09-02T17:29:30.766+09:00,Jaehwa,KeyEvent,101:69:0,javaproject,Editor,C:/Users/Jaehwa/IdeaProjects/javaproject/src/HelloWorld.java,HelloWorld::main,2,29,Default task
2021-09-02T17:29:31.225+09:00,Jaehwa,IdeState,Active,javaproject,Editor,C:/Users/Jaehwa/IdeaProjects/javaproject/src/HelloWorld.java,HelloWorld::main,2,30,Default task
2021-09-02T17:29:31.445+09:00,Jaehwa,KeyEvent,108:76:0,javaproject,Editor,C:/Users/Jaehwa/IdeaProjects/javaproject/src/HelloWorld.java,HelloWorld::main,2,30,Default task
2021-09-02T17:29:31.579+09:00,Jaehwa,KeyEvent,108:76:0,javaproject,Editor,C:/Users/Jaehwa/IdeaProjects/javaproject/src/HelloWorld.java,HelloWorld::main,2,31,Default task
2021-09-02T17:29:31.773+09:00,Jaehwa,KeyEvent,111:79:0,javaproject,Editor,C:/Users/Jaehwa/IdeaProjects/javaproject/src/HelloWorld.java,HelloWorld::main,2,32,Default task
2021-09-02T17:29:32.240+09:00,Jaehwa,IdeState,Active,javaproject,Editor,C:/Users/Jaehwa/IdeaProjects/javaproject/src/HelloWorld.java,HelloWorld::main,2,33,Default task
2021-09-02T17:29:32.254+09:00,Jaehwa,KeyEvent,44:44:0,javaproject,Editor,C:/Users/Jaehwa/IdeaProjects/javaproject/src/HelloWorld.java,HelloWorld::main,2,33,Default task
2021-09-02T17:29:32.396+09:00,Jaehwa,KeyEvent,32:32:0,javaproject,Editor,C:/Users/Jaehwa/IdeaProjects/javaproject/src/HelloWorld.java,HelloWorld::main,2,34,Default task
2021-09-02T17:29:32.501+09:00,Jaehwa,KeyEvent,65535:20:0,javaproject,Editor,C:/Users/Jaehwa/IdeaProjects/javaproject/src/HelloWorld.java,HelloWorld::main,2,35,Default task
2021-09-02T17:29:32.899+09:00,Jaehwa,KeyEvent,87:87:0,javaproject,Editor,C:/Users/Jaehwa/IdeaProjects/javaproject/src/HelloWorld.java,HelloWorld::main,2,35,Default task
2021-09-02T17:29:33.086+09:00,Jaehwa,KeyEvent,65535:20:0,javaproject,Editor,C:/Users/Jaehwa/IdeaProjects/javaproject/src/HelloWorld.java,HelloWorld::main,2,36,Default task
2021-09-02T17:29:33.236+09:00,Jaehwa,KeyEvent,111:79:0,javaproject,Editor,C:/Users/Jaehwa/IdeaProjects/javaproject/src/HelloWorld.java,HelloWorld::main,2,36,Default task
2021-09-02T17:29:33.249+09:00,Jaehwa,IdeState,Active,javaproject,Editor,C:/Users/Jaehwa/IdeaProjects/javaproject/src/HelloWorld.java,HelloWorld::main,2,37,Default task
2021-09-02T17:29:33.390+09:00,Jaehwa,KeyEvent,114:82:0,javaproject,Editor,C:/Users/Jaehwa/IdeaProjects/javaproject/src/HelloWorld.java,HelloWorld::main,2,37,Default task
2021-09-02T17:29:33.498+09:00,Jaehwa,KeyEvent,108:76:0,javaproject,Editor,C:/Users/Jaehwa/IdeaProjects/javaproject/src/HelloWorld.java,HelloWorld::main,2,38,Default task
2021-09-02T17:29:34.128+09:00,Jaehwa,KeyEvent,100:68:0,javaproject,Editor,C:/Users/Jaehwa/IdeaProjects/javaproject/src/HelloWorld.java,HelloWorld::main,2,39,Default task
2021-09-02T17:29:34.256+09:00,Jaehwa,IdeState,Active,javaproject,Editor,C:/Users/Jaehwa/IdeaProjects/javaproject/src/HelloWorld.java,HelloWorld::main,2,40,Default task
2021-09-02T17:29:35.271+09:00,Jaehwa,IdeState,Active,javaproject,Editor,C:/Users/Jaehwa/IdeaProjects/javaproject/src/HelloWorld.java,HelloWorld::main,2,40,Default task
2021-09-02T17:29:35.785+09:00,Jaehwa,KeyEvent,32:32:0,javaproject,Editor,C:/Users/Jaehwa/IdeaProjects/javaproject/src/HelloWorld.java,HelloWorld::main,2,40,Default task
2021-09-02T17:29:36.276+09:00,Jaehwa,IdeState,Active,javaproject,Editor,C:/Users/Jaehwa/IdeaProjects/javaproject/src/HelloWorld.java,HelloWorld::main,2,41,Default task
2021-09-02T17:29:36.337+09:00,Jaehwa,KeyEvent,50:50:0,javaproject,Editor,C:/Users/Jaehwa/IdeaProjects/javaproject/src/HelloWorld.java,HelloWorld::main,2,41,Default task
2021-09-02T17:29:36.592+09:00,Jaehwa,KeyEvent,48:48:0,javaproject,Editor,C:/Users/Jaehwa/IdeaProjects/javaproject/src/HelloWorld.java,HelloWorld::main,2,42,Default task
2021-09-02T17:29:37.289+09:00,Jaehwa,IdeState,Active,javaproject,Editor,C:/Users/Jaehwa/IdeaProjects/javaproject/src/HelloWorld.java,HelloWorld::main,2,43,Default task
2021-09-02T17:29:37.856+09:00,Jaehwa,KeyEvent,49:49:0,javaproject,Editor,C:/Users/Jaehwa/IdeaProjects/javaproject/src/HelloWorld.java,HelloWorld::main,2,43,Default task
2021-09-02T17:29:38.166+09:00,Jaehwa,KeyEvent,55:55:0,javaproject,Editor,C:/Users/Jaehwa/IdeaProjects/javaproject/src/HelloWorld.java,HelloWorld::main,2,44,Default task
2021-09-02T17:29:38.292+09:00,Jaehwa,IdeState,Active,javaproject,Editor,C:/Users/Jaehwa/IdeaProjects/javaproject/src/HelloWorld.java,HelloWorld::main,2,45,Default task
2021-09-02T17:29:38.440+09:00,Jaehwa,KeyEvent,50:50:0,javaproject,Editor,C:/Users/Jaehwa/IdeaProjects/javaproject/src/HelloWorld.java,HelloWorld::main,2,45,Default task
2021-09-02T17:29:38.663+09:00,Jaehwa,KeyEvent,52:52:0,javaproject,Editor,C:/Users/Jaehwa/IdeaProjects/javaproject/src/HelloWorld.java,HelloWorld::main,2,46,Default task
2021-09-02T17:29:38.839+09:00,Jaehwa,KeyEvent,52:52:0,javaproject,Editor,C:/Users/Jaehwa/IdeaProjects/javaproject/src/HelloWorld.java,HelloWorld::main,2,47,Default task
2021-09-02T17:29:39.067+09:00,Jaehwa,KeyEvent,56:56:0,javaproject,Editor,C:/Users/Jaehwa/IdeaProjects/javaproject/src/HelloWorld.java,HelloWorld::main,2,48,Default task
2021-09-02T17:29:39.232+09:00,Jaehwa,KeyEvent,56:56:0,javaproject,Editor,C:/Users/Jaehwa/IdeaProjects/javaproject/src/HelloWorld.java,HelloWorld::main,2,49,Default task
2021-09-02T17:29:39.305+09:00,Jaehwa,IdeState,Active,javaproject,Editor,C:/Users/Jaehwa/IdeaProjects/javaproject/src/HelloWorld.java,HelloWorld::main,2,50,Default task
2021-09-02T17:29:40.306+09:00,Jaehwa,IdeState,Active,javaproject,Editor,C:/Users/Jaehwa/IdeaProjects/javaproject/src/HelloWorld.java,HelloWorld::main,2,50,Default task
2021-09-02T17:29:40.412+09:00,Jaehwa,KeyEvent,65535:16:1,javaproject,Editor,C:/Users/Jaehwa/IdeaProjects/javaproject/src/HelloWorld.java,HelloWorld::main,2,50,Default task
2021-09-02T17:29:40.629+09:00,Jaehwa,KeyEvent,33:49:1,javaproject,Editor,C:/Users/Jaehwa/IdeaProjects/javaproject/src/HelloWorld.java,HelloWorld::main,2,50,Default task
2021-09-02T17:29:41.320+09:00,Jaehwa,IdeState,Active,javaproject,Editor,C:/Users/Jaehwa/IdeaProjects/javaproject/src/HelloWorld.java,HelloWorld::main,2,51,Default task
2021-09-02T17:29:42.330+09:00,Jaehwa,IdeState,Active,javaproject,Editor,C:/Users/Jaehwa/IdeaProjects/javaproject/src/HelloWorld.java,HelloWorld::main,2,51,Default task
2021-09-02T17:29:43.333+09:00,Jaehwa,IdeState,Active,javaproject,Editor,C:/Users/Jaehwa/IdeaProjects/javaproject/src/HelloWorld.java,HelloWorld::main,2,53,Default task
2021-09-02T17:29:44.341+09:00,Jaehwa,IdeState,Active,javaproject,Editor,C:/Users/Jaehwa/IdeaProjects/javaproject/src/HelloWorld.java,HelloWorld::main,2,53,Default task
2021-09-02T17:29:45.343+09:00,Jaehwa,IdeState,Active,javaproject,Editor,C:/Users/Jaehwa/IdeaProjects/javaproject/src/HelloWorld.java,HelloWorld::main,2,53,Default task
2021-09-02T17:29:45.909+09:00,Jaehwa,KeyEvent,59:59:0,javaproject,Editor,C:/Users/Jaehwa/IdeaProjects/javaproject/src/HelloWorld.java,HelloWorld::main,2,53,Default task
2021-09-02T17:29:46.345+09:00,Jaehwa,IdeState,Active,javaproject,Editor,C:/Users/Jaehwa/IdeaProjects/javaproject/src/HelloWorld.java,HelloWorld::main,2,54,Default task
2021-09-02T17:29:47.359+09:00,Jaehwa,IdeState,Active,javaproject,Editor,C:/Users/Jaehwa/IdeaProjects/javaproject/src/HelloWorld.java,HelloWorld::main,2,54,Default task
2021-09-02T17:29:48.372+09:00,Jaehwa,IdeState,Active,javaproject,Editor,C:/Users/Jaehwa/IdeaProjects/javaproject/src/HelloWorld.java,,4,1,Default task
2021-09-02T17:29:49.375+09:00,Jaehwa,IdeState,Active,javaproject,Editor,C:/Users/Jaehwa/IdeaProjects/javaproject/src/HelloWorld.java,,4,1,Default task
2021-09-02T17:29:50.387+09:00,Jaehwa,IdeState,Active,javaproject,Popup,C:/Users/Jaehwa/IdeaProjects/javaproject/src/HelloWorld.java,,4,1,Default task
2021-09-02T17:29:51.392+09:00,Jaehwa,IdeState,Active,javaproject,Editor,C:/Users/Jaehwa/IdeaProjects/javaproject/src/HelloWorld.java,,4,1,Default task
2021-09-02T17:29:52.394+09:00,Jaehwa,IdeState,Active,javaproject,Popup,C:/Users/Jaehwa/IdeaProjects/javaproject/src/HelloWorld.java,,4,1,Default task
2021-09-02T17:29:53.408+09:00,Jaehwa,IdeState,Active,javaproject,Popup,C:/Users/Jaehwa/IdeaProjects/javaproject/src/HelloWorld.java,,4,1,Default task
2021-09-02T17:29:54.423+09:00,Jaehwa,IdeState,Active,javaproject,Editor,C:/Users/Jaehwa/IdeaProjects/javaproject/src/HelloWorld.java,,5,0,Default task
2021-09-02T17:29:55.429+09:00,Jaehwa,IdeState,Active,javaproject,Popup,C:/Users/Jaehwa/IdeaProjects/javaproject/src/HelloWorld.java,,5,0,Default task
2021-09-02T17:29:56.448+09:00,Jaehwa,IdeState,Active,javaproject,Popup,C:/Users/Jaehwa/IdeaProjects/javaproject/src/HelloWorld.java,,5,0,Default task
2021-09-02T17:29:57.448+09:00,Jaehwa,IdeState,Active,javaproject,Popup,C:/Users/Jaehwa/IdeaProjects/javaproject/src/HelloWorld.java,,5,0,Default task
2021-09-02T17:29:58.457+09:00,Jaehwa,IdeState,Active,javaproject,Popup,C:/Users/Jaehwa/IdeaProjects/javaproject/src/HelloWorld.java,,5,0,Default task
2021-09-02T17:29:59.467+09:00,Jaehwa,IdeState,Active,javaproject,Popup,C:/Users/Jaehwa/IdeaProjects/javaproject/src/HelloWorld.java,,5,0,Default task
2021-09-02T17:30:00.477+09:00,Jaehwa,IdeState,Active,javaproject,Popup,C:/Users/Jaehwa/IdeaProjects/javaproject/src/HelloWorld.java,,5,0,Default task
2021-09-02T17:30:01.490+09:00,Jaehwa,IdeState,Active,javaproject,Popup,C:/Users/Jaehwa/IdeaProjects/javaproject/src/HelloWorld.java,,5,0,Default task
2021-09-02T17:30:02.502+09:00,Jaehwa,IdeState,Active,javaproject,Popup,C:/Users/Jaehwa/IdeaProjects/javaproject/src/HelloWorld.java,,5,0,Default task
2021-09-02T17:30:03.502+09:00,Jaehwa,IdeState,Active,javaproject,Editor,C:/Users/Jaehwa/IdeaProjects/javaproject/src/HelloWorld.java,,5,0,Default task
2021-09-02T17:30:04.514+09:00,Jaehwa,IdeState,Active,javaproject,Popup,C:/Users/Jaehwa/IdeaProjects/javaproject/src/HelloWorld.java,,5,0,Default task
2021-09-02T17:30:05.519+09:00,Jaehwa,IdeState,Active,javaproject,Editor,C:/Users/Jaehwa/IdeaProjects/javaproject/src/HelloWorld.java,,3,5,Default task
2021-09-02T17:30:06.534+09:00,Jaehwa,IdeState,Active,javaproject,Editor,C:/Users/Jaehwa/IdeaProjects/javaproject/src/HelloWorld.java,,3,5,Default task
2021-09-02T17:30:07.538+09:00,Jaehwa,IdeState,Active,javaproject,Editor,C:/Users/Jaehwa/IdeaProjects/javaproject/src/HelloWorld.java,,3,5,Default task
2021-09-02T17:30:08.540+09:00,Jaehwa,IdeState,Active,javaproject,Editor,C:/Users/Jaehwa/IdeaProjects/javaproject/src/HelloWorld.java,HelloWorld::main,1,23,Default task
2021-09-02T17:30:09.555+09:00,Jaehwa,IdeState,Active,javaproject,Editor,C:/Users/Jaehwa/IdeaProjects/javaproject/src/HelloWorld.java,HelloWorld::main,1,23,Default task
2021-09-02T17:30:10.569+09:00,Jaehwa,IdeState,Active,javaproject,Editor,C:/Users/Jaehwa/IdeaProjects/javaproject/src/HelloWorld.java,HelloWorld::main,1,27,Default task
2021-09-02T17:30:11.578+09:00,Jaehwa,IdeState,Active,javaproject,Editor,C:/Users/Jaehwa/IdeaProjects/javaproject/src/HelloWorld.java,HelloWorld::main,1,27,Default task
2021-09-02T17:30:12.589+09:00,Jaehwa,IdeState,Active,javaproject,Editor,C:/Users/Jaehwa/IdeaProjects/javaproject/src/HelloWorld.java,,0,13,Default task
2021-09-02T17:30:13.600+09:00,Jaehwa,IdeState,Active,javaproject,Editor,C:/Users/Jaehwa/IdeaProjects/javaproject/src/HelloWorld.java,,0,13,Default task
2021-09-02T17:30:14.610+09:00,Jaehwa,IdeState,Active,javaproject,Project,C:/Users/Jaehwa/IdeaProjects/javaproject/src/HelloWorld.java,,0,13,Default task
2021-09-02T17:30:15.621+09:00,Jaehwa,IdeState,Active,javaproject,Project,C:/Users/Jaehwa/IdeaProjects/javaproject/src/HelloWorld.java,,0,13,Default task
2021-09-02T17:30:16.623+09:00,Jaehwa,IdeState,Active,javaproject,Popup,C:/Users/Jaehwa/IdeaProjects/javaproject/src/HelloWorld.java,,0,13,Default task
2021-09-02T17:30:17.632+09:00,Jaehwa,IdeState,Active,javaproject,Popup,C:/Users/Jaehwa/IdeaProjects/javaproject/src/HelloWorld.java,,0,13,Default task
2021-09-02T17:30:18.646+09:00,Jaehwa,IdeState,Active,javaproject,Popup,C:/Users/Jaehwa/IdeaProjects/javaproject/src/HelloWorld.java,,0,13,Default task
2021-09-02T17:30:19.655+09:00,Jaehwa,IdeState,Active,javaproject,Popup,C:/Users/Jaehwa/IdeaProjects/javaproject/src/HelloWorld.java,,0,13,Default task
2021-09-02T17:30:20.663+09:00,Jaehwa,IdeState,Inactive,,,,,-1,-1,
2021-09-02T17:30:21.672+09:00,Jaehwa,IdeState,Inactive,,,,,-1,-1,
2021-09-02T17:30:22.679+09:00,Jaehwa,IdeState,Inactive,,,,,-1,-1,
2021-09-02T17:30:23.685+09:00,Jaehwa,IdeState,Inactive,,,,,-1,-1,
2021-09-02T17:30:24.686+09:00,Jaehwa,IdeState,Active,javaproject,Editor,C:/Users/Jaehwa/IdeaProjects/javaproject/src/HelloWorld.java,,5,0,Default task
2021-09-02T17:30:25.688+09:00,Jaehwa,IdeState,Active,javaproject,Editor,C:/Users/Jaehwa/IdeaProjects/javaproject/src/HelloWorld.java,,5,0,Default task
2021-09-02T17:30:26.699+09:00,Jaehwa,IdeState,Active,javaproject,Editor,C:/Users/Jaehwa/IdeaProjects/javaproject/src/HelloWorld.java,,5,0,Default task
2021-09-02T17:30:27.711+09:00,Jaehwa,IdeState,Active,javaproject,Popup,C:/Users/Jaehwa/IdeaProjects/javaproject/src/HelloWorld.java,,5,0,Default task
2021-09-02T17:30:28.727+09:00,Jaehwa,IdeState,Active,javaproject,Popup,C:/Users/Jaehwa/IdeaProjects/javaproject/src/HelloWorld.java,,5,0,Default task
2021-09-02T17:30:29.740+09:00,Jaehwa,IdeState,Active,javaproject,Popup,C:/Users/Jaehwa/IdeaProjects/javaproject/src/HelloWorld.java,,5,0,Default task
2021-09-02T17:30:30.750+09:00,Jaehwa,IdeState,Active,javaproject,Popup,C:/Users/Jaehwa/IdeaProjects/javaproject/src/HelloWorld.java,,5,0,Default task
2021-09-02T17:30:31.759+09:00,Jaehwa,IdeState,Active,javaproject,Popup,C:/Users/Jaehwa/IdeaProjects/javaproject/src/HelloWorld.java,,5,0,Default task
2021-09-02T17:30:32.761+09:00,Jaehwa,IdeState,Active,javaproject,Popup,C:/Users/Jaehwa/IdeaProjects/javaproject/src/HelloWorld.java,,5,0,Default task
2021-09-02T17:30:33.769+09:00,Jaehwa,IdeState,Active,javaproject,Popup,C:/Users/Jaehwa/IdeaProjects/javaproject/src/HelloWorld.java,,5,0,Default task
2021-09-02T17:30:34.774+09:00,Jaehwa,IdeState,Active,javaproject,Popup,C:/Users/Jaehwa/IdeaProjects/javaproject/src/HelloWorld.java,,5,0,Default task
2021-09-02T17:30:35.779+09:00,Jaehwa,IdeState,Active,javaproject,Popup,C:/Users/Jaehwa/IdeaProjects/javaproject/src/HelloWorld.java,,5,0,Default task
2021-09-02T17:30:36.793+09:00,Jaehwa,IdeState,Active,javaproject,Project,C:/Users/Jaehwa/IdeaProjects/javaproject/src/HelloWorld.java,,5,0,Default task
2021-09-02T17:30:37.796+09:00,Jaehwa,IdeState,Active,javaproject,Popup,C:/Users/Jaehwa/IdeaProjects/javaproject/src/HelloWorld.java,,5,0,Default task
2021-09-02T17:30:38.811+09:00,Jaehwa,IdeState,Active,javaproject,Popup,C:/Users/Jaehwa/IdeaProjects/javaproject/src/HelloWorld.java,,5,0,Default task
2021-09-02T17:30:39.825+09:00,Jaehwa,IdeState,Active,javaproject,Popup,C:/Users/Jaehwa/IdeaProjects/javaproject/src/HelloWorld.java,,5,0,Default task
2021-09-02T17:30:40.840+09:00,Jaehwa,IdeState,Active,javaproject,Popup,C:/Users/Jaehwa/IdeaProjects/javaproject/src/HelloWorld.java,,5,0,Default task
2021-09-02T17:30:41.854+09:00,Jaehwa,IdeState,Active,javaproject,Popup,C:/Users/Jaehwa/IdeaProjects/javaproject/src/HelloWorld.java,,5,0,Default task
2021-09-02T17:30:42.856+09:00,Jaehwa,IdeState,Active,javaproject,Editor,C:/Users/Jaehwa/IdeaProjects/javaproject/src/HelloWorld.java,,5,0,Default task
2021-09-02T17:30:43.864+09:00,Jaehwa,IdeState,Active,javaproject,Editor,C:/Users/Jaehwa/IdeaProjects/javaproject/src/HelloWorld.java,,5,0,Default task
2021-09-02T17:30:44.877+09:00,Jaehwa,IdeState,Active,javaproject,Editor,C:/Users/Jaehwa/IdeaProjects/javaproject/src/HelloWorld.java,,5,0,Default task
2021-09-02T17:30:45.879+09:00,Jaehwa,IdeState,Active,javaproject,Editor,C:/Users/Jaehwa/IdeaProjects/javaproject/src/HelloWorld.java,,5,0,Default task
2021-09-02T17:30:46.887+09:00,Jaehwa,IdeState,Active,javaproject,Popup,C:/Users/Jaehwa/IdeaProjects/javaproject/src/HelloWorld.java,,5,0,Default task
2021-09-02T17:30:47.890+09:00,Jaehwa,IdeState,Active,javaproject,Popup,C:/Users/Jaehwa/IdeaProjects/javaproject/src/HelloWorld.java,,5,0,Default task
2021-09-02T17:30:48.891+09:00,Jaehwa,IdeState,Active,javaproject,Editor,C:/Users/Jaehwa/IdeaProjects/javaproject/src/HelloWorld.java,,5,0,Default task
2021-09-02T17:30:49.891+09:00,Jaehwa,IdeState,Active,javaproject,Popup,C:/Users/Jaehwa/IdeaProjects/javaproject/src/HelloWorld.java,,5,0,Default task
2021-09-02T17:30:50.903+09:00,Jaehwa,IdeState,Active,javaproject,Popup,C:/Users/Jaehwa/IdeaProjects/javaproject/src/HelloWorld.java,,5,0,Default task
2021-09-02T17:30:51.916+09:00,Jaehwa,IdeState,Active,javaproject,Popup,C:/Users/Jaehwa/IdeaProjects/javaproject/src/HelloWorld.java,,5,0,Default task
2021-09-02T17:30:52.927+09:00,Jaehwa,IdeState,Active,javaproject,Popup,C:/Users/Jaehwa/IdeaProjects/javaproject/src/HelloWorld.java,,5,0,Default task
2021-09-02T17:30:53.935+09:00,Jaehwa,IdeState,Active,javaproject,Popup,C:/Users/Jaehwa/IdeaProjects/javaproject/src/HelloWorld.java,,5,0,Default task
2021-09-02T17:30:54.946+09:00,Jaehwa,IdeState,Active,javaproject,Popup,C:/Users/Jaehwa/IdeaProjects/javaproject/src/HelloWorld.java,,5,0,Default task
2021-09-02T17:30:55.530+09:00,Jaehwa,Action,MakeModule,javaproject,Popup,C:/Users/Jaehwa/IdeaProjects/javaproject/src/HelloWorld.java,,5,0,Default task
2021-09-02T17:30:55.950+09:00,Jaehwa,IdeState,Active,javaproject,Editor,C:/Users/Jaehwa/IdeaProjects/javaproject/src/HelloWorld.java,,5,0,Default task
2021-09-02T17:30:56.962+09:00,Jaehwa,IdeState,Active,javaproject,Editor,C:/Users/Jaehwa/IdeaProjects/javaproject/src/HelloWorld.java,,5,0,Default task
2021-09-02T17:30:57.976+09:00,Jaehwa,IdeState,Active,javaproject,Editor,C:/Users/Jaehwa/IdeaProjects/javaproject/src/HelloWorld.java,,5,0,Default task
2021-09-02T17:30:58.990+09:00,Jaehwa,IdeState,Active,javaproject,Editor,C:/Users/Jaehwa/IdeaProjects/javaproject/src/HelloWorld.java,,5,0,Default task
2021-09-02T17:31:00.003+09:00,Jaehwa,IdeState,Active,javaproject,Popup,C:/Users/Jaehwa/IdeaProjects/javaproject/src/HelloWorld.java,,5,0,Default task
2021-09-02T17:31:01.011+09:00,Jaehwa,IdeState,Active,javaproject,Popup,C:/Users/Jaehwa/IdeaProjects/javaproject/src/HelloWorld.java,,5,0,Default task
2021-09-02T17:31:02.023+09:00,Jaehwa,IdeState,Active,javaproject,Popup,C:/Users/Jaehwa/IdeaProjects/javaproject/src/HelloWorld.java,,5,0,Default task
2021-09-02T17:31:03.033+09:00,Jaehwa,IdeState,Active,javaproject,Popup,C:/Users/Jaehwa/IdeaProjects/javaproject/src/HelloWorld.java,,5,0,Default task
2021-09-02T17:31:04.041+09:00,Jaehwa,IdeState,Active,javaproject,Popup,C:/Users/Jaehwa/IdeaProjects/javaproject/src/HelloWorld.java,,5,0,Default task
2021-09-02T17:31:04.778+09:00,Jaehwa,Action,MakeModule,javaproject,Popup,C:/Users/Jaehwa/IdeaProjects/javaproject/src/HelloWorld.java,,5,0,Default task
2021-09-02T17:31:04.779+09:00,Jaehwa,KeyEvent,109:77:0,javaproject,Popup,C:/Users/Jaehwa/IdeaProjects/javaproject/src/HelloWorld.java,,5,0,Default task
2021-09-02T17:31:05.050+09:00,Jaehwa,IdeState,Active,javaproject,Popup,C:/Users/Jaehwa/IdeaProjects/javaproject/src/HelloWorld.java,,5,0,Default task
2021-09-02T17:31:06.065+09:00,Jaehwa,IdeState,Active,javaproject,Popup,C:/Users/Jaehwa/IdeaProjects/javaproject/src/HelloWorld.java,,5,0,Default task
2021-09-02T17:31:07.075+09:00,Jaehwa,IdeState,Active,javaproject,Popup,C:/Users/Jaehwa/IdeaProjects/javaproject/src/HelloWorld.java,,5,0,Default task
2021-09-02T17:31:08.087+09:00,Jaehwa,IdeState,Active,javaproject,Popup,C:/Users/Jaehwa/IdeaProjects/javaproject/src/HelloWorld.java,,5,0,Default task
2021-09-02T17:31:09.088+09:00,Jaehwa,IdeState,Active,javaproject,Popup,C:/Users/Jaehwa/IdeaProjects/javaproject/src/HelloWorld.java,,5,0,Default task
2021-09-02T17:31:10.101+09:00,Jaehwa,IdeState,Active,javaproject,Popup,C:/Users/Jaehwa/IdeaProjects/javaproject/src/HelloWorld.java,,5,0,Default task
2021-09-02T17:31:11.113+09:00,Jaehwa,IdeState,Active,javaproject,Popup,C:/Users/Jaehwa/IdeaProjects/javaproject/src/HelloWorld.java,,5,0,Default task
2021-09-02T17:31:12.125+09:00,Jaehwa,IdeState,Active,javaproject,Popup,C:/Users/Jaehwa/IdeaProjects/javaproject/src/HelloWorld.java,,5,0,Default task
2021-09-02T17:31:13.133+09:00,Jaehwa,IdeState,Active,javaproject,Popup,C:/Users/Jaehwa/IdeaProjects/javaproject/src/HelloWorld.java,,5,0,Default task
2021-09-02T17:31:14.143+09:00,Jaehwa,IdeState,Active,javaproject,Popup,C:/Users/Jaehwa/IdeaProjects/javaproject/src/HelloWorld.java,,5,0,Default task
2021-09-02T17:31:15.155+09:00,Jaehwa,IdeState,Active,javaproject,Popup,C:/Users/Jaehwa/IdeaProjects/javaproject/src/HelloWorld.java,,5,0,Default task
2021-09-02T17:31:16.166+09:00,Jaehwa,IdeState,Active,javaproject,Popup,C:/Users/Jaehwa/IdeaProjects/javaproject/src/HelloWorld.java,,5,0,Default task
2021-09-02T17:31:17.181+09:00,Jaehwa,IdeState,Active,javaproject,Popup,C:/Users/Jaehwa/IdeaProjects/javaproject/src/HelloWorld.java,,5,0,Default task
2021-09-02T17:31:18.190+09:00,Jaehwa,IdeState,Active,javaproject,Popup,C:/Users/Jaehwa/IdeaProjects/javaproject/src/HelloWorld.java,,5,0,Default task
2021-09-02T17:31:19.205+09:00,Jaehwa,IdeState,Active,javaproject,Popup,C:/Users/Jaehwa/IdeaProjects/javaproject/src/HelloWorld.java,,5,0,Default task
2021-09-02T17:31:20.219+09:00,Jaehwa,IdeState,Active,javaproject,Popup,C:/Users/Jaehwa/IdeaProjects/javaproject/src/HelloWorld.java,,5,0,Default task
2021-09-02T17:31:21.229+09:00,Jaehwa,IdeState,Active,javaproject,Popup,C:/Users/Jaehwa/IdeaProjects/javaproject/src/HelloWorld.java,,5,0,Default task
2021-09-02T17:31:22.241+09:00,Jaehwa,IdeState,Active,javaproject,Popup,C:/Users/Jaehwa/IdeaProjects/javaproject/src/HelloWorld.java,,5,0,Default task
2021-09-02T17:31:23.252+09:00,Jaehwa,IdeState,Active,javaproject,Popup,C:/Users/Jaehwa/IdeaProjects/javaproject/src/HelloWorld.java,,5,0,Default task
2021-09-02T17:31:24.264+09:00,Jaehwa,IdeState,Active,javaproject,Editor,C:/Users/Jaehwa/IdeaProjects/javaproject/src/HelloWorld.java,,5,0,Default task
2021-09-02T17:31:25.265+09:00,Jaehwa,IdeState,Active,javaproject,Editor,C:/Users/Jaehwa/IdeaProjects/javaproject/src/HelloWorld.java,,5,0,Default task
2021-09-02T17:31:26.271+09:00,Jaehwa,IdeState,Active,javaproject,Editor,C:/Users/Jaehwa/IdeaProjects/javaproject/src/HelloWorld.java,,5,0,Default task
2021-09-02T17:31:27.279+09:00,Jaehwa,IdeState,Active,javaproject,Editor,C:/Users/Jaehwa/IdeaProjects/javaproject/src/HelloWorld.java,,5,0,Default task
2021-09-02T17:31:28.294+09:00,Jaehwa,IdeState,Active,javaproject,Editor,C:/Users/Jaehwa/IdeaProjects/javaproject/src/HelloWorld.java,,5,0,Default task
2021-09-02T17:31:29.305+09:00,Jaehwa,IdeState,Active,javaproject,Editor,C:/Users/Jaehwa/IdeaProjects/javaproject/src/HelloWorld.java,,5,0,Default task
2021-09-02T17:31:30.319+09:00,Jaehwa,IdeState,Active,javaproject,Editor,C:/Users/Jaehwa/IdeaProjects/javaproject/src/HelloWorld.java,,5,0,Default task
2021-09-02T17:31:31.336+09:00,Jaehwa,IdeState,Active,javaproject,Editor,C:/Users/Jaehwa/IdeaProjects/javaproject/src/HelloWorld.java,,5,0,Default task
2021-09-02T17:31:32.342+09:00,Jaehwa,IdeState,Active,javaproject,Editor,C:/Users/Jaehwa/IdeaProjects/javaproject/src/HelloWorld.java,,5,0,Default task
2021-09-02T17:31:33.354+09:00,Jaehwa,IdeState,Active,javaproject,Editor,C:/Users/Jaehwa/IdeaProjects/javaproject/src/HelloWorld.java,,5,0,Default task
2021-09-02T17:31:34.361+09:00,Jaehwa,IdeState,Active,javaproject,Editor,C:/Users/Jaehwa/IdeaProjects/javaproject/src/HelloWorld.java,,5,0,Default task
2021-09-02T17:31:35.373+09:00,Jaehwa,IdeState,Active,javaproject,Editor,C:/Users/Jaehwa/IdeaProjects/javaproject/src/HelloWorld.java,,4,1,Default task
2021-09-02T17:31:36.381+09:00,Jaehwa,IdeState,Active,javaproject,Editor,C:/Users/Jaehwa/IdeaProjects/javaproject/src/HelloWorld.java,,3,5,Default task
2021-09-02T17:31:37.389+09:00,Jaehwa,IdeState,Active,javaproject,Editor,C:/Users/Jaehwa/IdeaProjects/javaproject/src/HelloWorld.java,HelloWorld::main,2,54,Default task
2021-09-02T17:31:38.397+09:00,Jaehwa,IdeState,Active,javaproject,Editor,C:/Users/Jaehwa/IdeaProjects/javaproject/src/HelloWorld.java,HelloWorld::main,1,15,Default task
2021-09-02T17:31:39.410+09:00,Jaehwa,IdeState,Active,javaproject,Editor,C:/Users/Jaehwa/IdeaProjects/javaproject/src/HelloWorld.java,HelloWorld::main,1,15,Default task
2021-09-02T17:31:40.420+09:00,Jaehwa,IdeState,Inactive,,,,,-1,-1,
2021-09-02T17:31:41.424+09:00,Jaehwa,IdeState,Inactive,,,,,-1,-1,
2021-09-02T17:31:42.426+09:00,Jaehwa,IdeState,Inactive,,,,,-1,-1,
2021-09-02T17:31:43.439+09:00,Jaehwa,IdeState,Inactive,,,,,-1,-1,
2021-09-02T17:31:44.451+09:00,Jaehwa,IdeState,Inactive,,,,,-1,-1,
2021-09-02T17:31:45.461+09:00,Jaehwa,IdeState,Inactive,,,,,-1,-1,
2021-09-02T17:31:46.472+09:00,Jaehwa,IdeState,Inactive,,,,,-1,-1,
2021-09-02T17:31:47.481+09:00,Jaehwa,IdeState,Inactive,,,,,-1,-1,
2021-09-02T17:31:48.490+09:00,Jaehwa,IdeState,Inactive,,,,,-1,-1,
2021-09-02T17:31:49.491+09:00,Jaehwa,IdeState,Inactive,,,,,-1,-1,
2021-09-02T17:31:50.493+09:00,Jaehwa,IdeState,Inactive,,,,,-1,-1,
2021-09-02T17:31:51.498+09:00,Jaehwa,IdeState,Inactive,,,,,-1,-1,
2021-09-02T17:31:52.508+09:00,Jaehwa,IdeState,Inactive,,,,,-1,-1,
2021-09-02T17:31:53.509+09:00,Jaehwa,IdeState,Inactive,,,,,-1,-1,
2021-09-02T17:31:54.518+09:00,Jaehwa,IdeState,Inactive,,,,,-1,-1,
2021-09-02T17:31:55.531+09:00,Jaehwa,IdeState,Inactive,,,,,-1,-1,
2021-09-02T17:31:56.535+09:00,Jaehwa,IdeState,Inactive,,,,,-1,-1,
2021-09-02T17:31:57.548+09:00,Jaehwa,IdeState,Inactive,,,,,-1,-1,
2021-09-02T17:31:58.559+09:00,Jaehwa,IdeState,Inactive,,,,,-1,-1,
2021-09-02T17:31:59.570+09:00,Jaehwa,IdeState,Inactive,,,,,-1,-1,
2021-09-02T17:32:00.584+09:00,Jaehwa,IdeState,Inactive,,,,,-1,-1,
2021-09-02T17:32:01.597+09:00,Jaehwa,IdeState,Inactive,,,,,-1,-1,
2021-09-02T17:32:02.599+09:00,Jaehwa,IdeState,Inactive,,,,,-1,-1,
2021-09-02T17:32:03.614+09:00,Jaehwa,IdeState,Inactive,,,,,-1,-1,
2021-09-02T17:32:04.628+09:00,Jaehwa,IdeState,Inactive,,,,,-1,-1,
2021-09-02T17:32:05.630+09:00,Jaehwa,IdeState,Inactive,,,,,-1,-1,
2021-09-02T17:32:06.638+09:00,Jaehwa,IdeState,Inactive,,,,,-1,-1,
2021-09-02T17:32:07.652+09:00,Jaehwa,IdeState,Active,javaproject,Editor,C:/Users/Jaehwa/IdeaProjects/javaproject/src/HelloWorld.java,HelloWorld::main,2,26,Default task
2021-09-02T17:32:08.570+09:00,Jaehwa,Action,EditorLeft,javaproject,Editor,C:/Users/Jaehwa/IdeaProjects/javaproject/src/HelloWorld.java,HelloWorld::main,2,26,Default task
2021-09-02T17:32:08.572+09:00,Jaehwa,KeyEvent,65535:37:0,javaproject,Editor,C:/Users/Jaehwa/IdeaProjects/javaproject/src/HelloWorld.java,HelloWorld::main,2,25,Default task
2021-09-02T17:32:08.662+09:00,Jaehwa,IdeState,Active,javaproject,Editor,C:/Users/Jaehwa/IdeaProjects/javaproject/src/HelloWorld.java,HelloWorld::main,2,25,Default task
2021-09-02T17:32:08.896+09:00,Jaehwa,Action,EditorBackSpace,javaproject,Editor,C:/Users/Jaehwa/IdeaProjects/javaproject/src/HelloWorld.java,HelloWorld::main,2,25,Default task
2021-09-02T17:32:08.902+09:00,Jaehwa,KeyEvent,8:8:0,javaproject,Editor,C:/Users/Jaehwa/IdeaProjects/javaproject/src/HelloWorld.java,HelloWorld::main,2,24,Default task
2021-09-02T17:32:09.152+09:00,Jaehwa,KeyEvent,105:73:0,javaproject,Editor,C:/Users/Jaehwa/IdeaProjects/javaproject/src/HelloWorld.java,HelloWorld::main,2,24,Default task
2021-09-02T17:32:09.672+09:00,Jaehwa,IdeState,Active,javaproject,Editor,C:/Users/Jaehwa/IdeaProjects/javaproject/src/HelloWorld.java,HelloWorld::main,2,25,Default task
2021-09-02T17:32:10.686+09:00,Jaehwa,IdeState,Active,javaproject,Editor,C:/Users/Jaehwa/IdeaProjects/javaproject/src/HelloWorld.java,HelloWorld::main,2,25,Default task
2021-09-02T17:32:10.777+09:00,Jaehwa,Action,EditorBackSpace,javaproject,Editor,C:/Users/Jaehwa/IdeaProjects/javaproject/src/HelloWorld.java,HelloWorld::main,2,25,Default task
2021-09-02T17:32:10.784+09:00,Jaehwa,KeyEvent,8:8:0,javaproject,Editor,C:/Users/Jaehwa/IdeaProjects/javaproject/src/HelloWorld.java,HelloWorld::main,2,24,Default task
2021-09-02T17:32:11.686+09:00,Jaehwa,IdeState,Active,javaproject,Editor,C:/Users/Jaehwa/IdeaProjects/javaproject/src/HelloWorld.java,HelloWorld::main,2,24,Default task
2021-09-02T17:32:12.694+09:00,Jaehwa,IdeState,Active,javaproject,Editor,C:/Users/Jaehwa/IdeaProjects/javaproject/src/HelloWorld.java,HelloWorld::main,2,24,Default task
2021-09-02T17:32:13.707+09:00,Jaehwa,IdeState,Inactive,,,,,-1,-1,
2021-09-02T17:32:14.721+09:00,Jaehwa,IdeState,Inactive,,,,,-1,-1,
2021-09-02T17:32:15.734+09:00,Jaehwa,IdeState,Inactive,,,,,-1,-1,
2021-09-02T17:32:16.748+09:00,Jaehwa,IdeState,Inactive,,,,,-1,-1,
2021-09-02T17:32:17.761+09:00,Jaehwa,IdeState,Inactive,,,,,-1,-1,
2021-09-02T17:32:18.773+09:00,Jaehwa,IdeState,Inactive,,,,,-1,-1,
2021-09-02T17:32:19.786+09:00,Jaehwa,IdeState,Inactive,,,,,-1,-1,
2021-09-02T17:32:20.796+09:00,Jaehwa,IdeState,Inactive,,,,,-1,-1,
2021-09-02T17:32:21.800+09:00,Jaehwa,IdeState,Active,javaproject,Editor,C:/Users/Jaehwa/IdeaProjects/javaproject/src/HelloWorld.java,,5,0,Default task
2021-09-02T17:32:22.812+09:00,Jaehwa,IdeState,Active,javaproject,Editor,C:/Users/Jaehwa/IdeaProjects/javaproject/src/HelloWorld.java,HelloWorld::main,2,24,Default task
2021-09-02T17:32:22.900+09:00,Jaehwa,Action,EditorBackSpace,javaproject,Editor,C:/Users/Jaehwa/IdeaProjects/javaproject/src/HelloWorld.java,HelloWorld::main,2,24,Default task
2021-09-02T17:32:22.907+09:00,Jaehwa,KeyEvent,8:8:0,javaproject,Editor,C:/Users/Jaehwa/IdeaProjects/javaproject/src/HelloWorld.java,HelloWorld::main,2,23,Default task
2021-09-02T17:32:23.153+09:00,Jaehwa,KeyEvent,108:76:0,javaproject,Editor,C:/Users/Jaehwa/IdeaProjects/javaproject/src/HelloWorld.java,HelloWorld::main,2,23,Default task
2021-09-02T17:32:23.822+09:00,Jaehwa,IdeState,Active,javaproject,Editor,C:/Users/Jaehwa/IdeaProjects/javaproject/src/HelloWorld.java,HelloWorld::main,2,24,Default task
2021-09-02T17:32:24.837+09:00,Jaehwa,IdeState,Active,javaproject,Editor,C:/Users/Jaehwa/IdeaProjects/javaproject/src/HelloWorld.java,HelloWorld::main,2,53,Default task
2021-09-02T17:32:25.849+09:00,Jaehwa,IdeState,Active,javaproject,Editor,C:/Users/Jaehwa/IdeaProjects/javaproject/src/HelloWorld.java,HelloWorld::main,2,53,Default task
2021-09-02T17:32:26.717+09:00,Jaehwa,KeyEvent,116:84:0,javaproject,Editor,C:/Users/Jaehwa/IdeaProjects/javaproject/src/HelloWorld.java,HelloWorld::main,2,23,Default task
2021-09-02T17:32:26.863+09:00,Jaehwa,IdeState,Active,javaproject,Editor,C:/Users/Jaehwa/IdeaProjects/javaproject/src/HelloWorld.java,HelloWorld::main,2,24,Default task
2021-09-02T17:32:27.877+09:00,Jaehwa,IdeState,Active,javaproject,Editor,C:/Users/Jaehwa/IdeaProjects/javaproject/src/HelloWorld.java,HelloWorld::main,2,42,Default task
2021-09-02T17:32:28.891+09:00,Jaehwa,IdeState,Active,javaproject,Editor,C:/Users/Jaehwa/IdeaProjects/javaproject/src/HelloWorld.java,HelloWorld::main,2,54,Default task
2021-09-02T17:32:29.893+09:00,Jaehwa,IdeState,Active,javaproject,Editor,C:/Users/Jaehwa/IdeaProjects/javaproject/src/HelloWorld.java,HelloWorld::main,2,54,Default task
2021-09-02T17:32:30.898+09:00,Jaehwa,IdeState,Active,javaproject,Editor,C:/Users/Jaehwa/IdeaProjects/javaproject/src/HelloWorld.java,HelloWorld::main,2,54,Default task
2021-09-02T17:32:31.909+09:00,Jaehwa,IdeState,Active,javaproject,Popup,C:/Users/Jaehwa/IdeaProjects/javaproject/src/HelloWorld.java,HelloWorld::main,2,54,Default task
2021-09-02T17:32:32.922+09:00,Jaehwa,IdeState,Active,javaproject,Popup,C:/Users/Jaehwa/IdeaProjects/javaproject/src/HelloWorld.java,HelloWorld::main,2,54,Default task
2021-09-02T17:32:33.880+09:00,Jaehwa,Action,RunClass,javaproject,Popup,C:/Users/Jaehwa/IdeaProjects/javaproject/src/HelloWorld.java,HelloWorld::main,2,54,Default task
2021-09-02T17:32:33.999+09:00,Jaehwa,IdeState,Active,javaproject,Editor,C:/Users/Jaehwa/IdeaProjects/javaproject/src/HelloWorld.java,HelloWorld::main,2,54,Default task
2021-09-02T17:32:35.000+09:00,Jaehwa,IdeState,Active,javaproject,Editor,C:/Users/Jaehwa/IdeaProjects/javaproject/src/HelloWorld.java,HelloWorld::main,2,54,Default task
2021-09-02T17:32:36.015+09:00,Jaehwa,IdeState,Active,javaproject,Editor,C:/Users/Jaehwa/IdeaProjects/javaproject/src/HelloWorld.java,HelloWorld::main,2,54,Default task
2021-09-02T17:32:37.018+09:00,Jaehwa,IdeState,Active,javaproject,Editor,C:/Users/Jaehwa/IdeaProjects/javaproject/src/HelloWorld.java,HelloWorld::main,2,54,Default task
2021-09-02T17:32:38.020+09:00,Jaehwa,IdeState,Active,javaproject,Editor,C:/Users/Jaehwa/IdeaProjects/javaproject/src/HelloWorld.java,HelloWorld::main,2,54,Default task
2021-09-02T17:32:39.025+09:00,Jaehwa,IdeState,Active,javaproject,Editor,C:/Users/Jaehwa/IdeaProjects/javaproject/src/HelloWorld.java,HelloWorld::main,2,54,Default task
2021-09-02T17:32:40.034+09:00,Jaehwa,IdeState,Active,javaproject,Editor,C:/Users/Jaehwa/IdeaProjects/javaproject/src/HelloWorld.java,HelloWorld::main,2,54,Default task
2021-09-02T17:32:41.046+09:00,Jaehwa,IdeState,Active,javaproject,Editor,C:/Users/Jaehwa/IdeaProjects/javaproject/src/HelloWorld.java,HelloWorld::main,2,54,Default task
2021-09-02T17:32:42.060+09:00,Jaehwa,IdeState,Active,javaproject,Editor,C:/Users/Jaehwa/IdeaProjects/javaproject/src/HelloWorld.java,HelloWorld::main,2,54,Default task
2021-09-02T17:32:43.075+09:00,Jaehwa,IdeState,Active,javaproject,Editor,C:/Users/Jaehwa/IdeaProjects/javaproject/src/HelloWorld.java,HelloWorld::main,2,54,Default task
2021-09-02T17:32:44.088+09:00,Jaehwa,IdeState,Active,javaproject,Editor,C:/Users/Jaehwa/IdeaProjects/javaproject/src/HelloWorld.java,HelloWorld::main,2,54,Default task
2021-09-02T17:32:45.090+09:00,Jaehwa,IdeState,Active,javaproject,Editor,C:/Users/Jaehwa/IdeaProjects/javaproject/src/HelloWorld.java,HelloWorld::main,2,54,Default task
2021-09-02T17:32:46.093+09:00,Jaehwa,IdeState,Active,javaproject,Editor,C:/Users/Jaehwa/IdeaProjects/javaproject/src/HelloWorld.java,HelloWorld::main,2,54,Default task
2021-09-02T17:32:47.104+09:00,Jaehwa,IdeState,Inactive,,,,,-1,-1,
2021-09-02T17:32:48.112+09:00,Jaehwa,IdeState,Inactive,,,,,-1,-1,
2021-09-02T17:32:49.126+09:00,Jaehwa,IdeState,Inactive,,,,,-1,-1,
2021-09-02T17:32:50.128+09:00,Jaehwa,IdeState,Inactive,,,,,-1,-1,
2021-09-02T17:32:51.136+09:00,Jaehwa,IdeState,Inactive,,,,,-1,-1,
2021-09-02T17:32:52.144+09:00,Jaehwa,IdeState,Inactive,,,,,-1,-1,
2021-09-02T17:32:53.150+09:00,Jaehwa,IdeState,Inactive,,,,,-1,-1,
2021-09-02T17:32:54.158+09:00,Jaehwa,IdeState,Inactive,,,,,-1,-1,
2021-09-02T17:32:55.172+09:00,Jaehwa,IdeState,Inactive,,,,,-1,-1,
2021-09-02T17:32:56.185+09:00,Jaehwa,IdeState,Inactive,,,,,-1,-1,
2021-09-02T17:32:57.194+09:00,Jaehwa,IdeState,Inactive,,,,,-1,-1,
2021-09-02T17:32:58.207+09:00,Jaehwa,IdeState,Inactive,,,,,-1,-1,
2021-09-02T17:32:59.218+09:00,Jaehwa,IdeState,Inactive,,,,,-1,-1,
2021-09-02T17:33:00.231+09:00,Jaehwa,IdeState,Inactive,,,,,-1,-1,
2021-09-02T17:33:01.238+09:00,Jaehwa,IdeState,Inactive,,,,,-1,-1,
2021-09-02T17:33:02.252+09:00,Jaehwa,IdeState,Inactive,,,,,-1,-1,
2021-09-02T17:33:03.263+09:00,Jaehwa,IdeState,Inactive,,,,,-1,-1,
2021-09-02T17:33:04.271+09:00,Jaehwa,IdeState,Inactive,,,,,-1,-1,
2021-09-02T17:33:05.273+09:00,Jaehwa,IdeState,Inactive,,,,,-1,-1,
2021-09-02T17:33:06.283+09:00,Jaehwa,IdeState,Inactive,,,,,-1,-1,
2021-09-02T17:33:07.295+09:00,Jaehwa,IdeState,Inactive,,,,,-1,-1,
2021-09-02T17:33:08.307+09:00,Jaehwa,IdeState,Inactive,,,,,-1,-1,
2021-09-02T17:33:09.318+09:00,Jaehwa,IdeState,Inactive,,,,,-1,-1,
2021-09-02T17:33:10.324+09:00,Jaehwa,IdeState,Inactive,,,,,-1,-1,
2021-09-02T17:33:11.338+09:00,Jaehwa,IdeState,Inactive,,,,,-1,-1,
2021-09-02T17:33:12.352+09:00,Jaehwa,IdeState,Inactive,,,,,-1,-1,
2021-09-02T17:33:13.359+09:00,Jaehwa,IdeState,Inactive,,,,,-1,-1,
2021-09-02T17:33:14.371+09:00,Jaehwa,IdeState,Inactive,,,,,-1,-1,
2021-09-02T17:33:15.384+09:00,Jaehwa,IdeState,Inactive,,,,,-1,-1,
2021-09-02T17:33:16.398+09:00,Jaehwa,IdeState,Inactive,,,,,-1,-1,
2021-09-02T17:33:17.407+09:00,Jaehwa,IdeState,Inactive,,,,,-1,-1,
2021-09-02T17:33:18.414+09:00,Jaehwa,IdeState,Inactive,,,,,-1,-1,
2021-09-02T17:33:19.425+09:00,Jaehwa,IdeState,Inactive,,,,,-1,-1,
2021-09-02T17:33:20.434+09:00,Jaehwa,IdeState,Inactive,,,,,-1,-1,
2021-09-02T17:33:21.441+09:00,Jaehwa,IdeState,Inactive,,,,,-1,-1,
2021-09-02T17:33:22.454+09:00,Jaehwa,IdeState,Inactive,,,,,-1,-1,
2021-09-02T17:33:23.465+09:00,Jaehwa,IdeState,Inactive,,,,,-1,-1,
2021-09-02T17:33:24.480+09:00,Jaehwa,IdeState,Inactive,,,,,-1,-1,
2021-09-02T17:33:25.489+09:00,Jaehwa,IdeState,Inactive,,,,,-1,-1,
2021-09-02T17:33:26.501+09:00,Jaehwa,IdeState,Inactive,,,,,-1,-1,
2021-09-02T17:33:27.509+09:00,Jaehwa,IdeState,Inactive,,,,,-1,-1,
2021-09-02T17:33:28.515+09:00,Jaehwa,IdeState,Inactive,,,,,-1,-1,
2021-09-02T17:33:29.527+09:00,Jaehwa,IdeState,Inactive,,,,,-1,-1,
2021-09-02T17:33:30.529+09:00,Jaehwa,IdeState,Inactive,,,,,-1,-1,
2021-09-02T17:33:31.537+09:00,Jaehwa,IdeState,Inactive,,,,,-1,-1,
2021-09-02T17:33:32.548+09:00,Jaehwa,IdeState,Inactive,,,,,-1,-1,
2021-09-02T17:33:33.556+09:00,Jaehwa,IdeState,Inactive,,,,,-1,-1,
2021-09-02T17:33:34.563+09:00,Jaehwa,IdeState,Inactive,,,,,-1,-1,
2021-09-02T17:33:35.570+09:00,Jaehwa,IdeState,Inactive,,,,,-1,-1,
2021-09-02T17:33:36.580+09:00,Jaehwa,IdeState,Inactive,,,,,-1,-1,
2021-09-02T17:33:37.591+09:00,Jaehwa,IdeState,Inactive,,,,,-1,-1,
2021-09-02T17:33:38.601+09:00,Jaehwa,IdeState,Inactive,,,,,-1,-1,
2021-09-02T17:33:39.611+09:00,Jaehwa,IdeState,Inactive,,,,,-1,-1,
2021-09-02T17:33:40.622+09:00,Jaehwa,IdeState,Inactive,,,,,-1,-1,
2021-09-02T17:33:41.629+09:00,Jaehwa,IdeState,Inactive,,,,,-1,-1,
2021-09-02T17:33:42.640+09:00,Jaehwa,IdeState,Inactive,,,,,-1,-1,
2021-09-02T17:33:43.654+09:00,Jaehwa,IdeState,Inactive,,,,,-1,-1,
2021-09-02T17:33:44.669+09:00,Jaehwa,IdeState,Inactive,,,,,-1,-1,
2021-09-02T17:33:45.679+09:00,Jaehwa,IdeState,Inactive,,,,,-1,-1,
2021-09-02T17:33:46.689+09:00,Jaehwa,IdeState,Inactive,,,,,-1,-1,
2021-09-02T17:33:47.698+09:00,Jaehwa,IdeState,Inactive,,,,,-1,-1,
2021-09-02T17:33:48.712+09:00,Jaehwa,IdeState,Inactive,,,,,-1,-1,
2021-09-02T17:33:49.723+09:00,Jaehwa,IdeState,Inactive,,,,,-1,-1,
2021-09-02T17:33:50.733+09:00,Jaehwa,IdeState,Inactive,,,,,-1,-1,
2021-09-02T17:33:51.739+09:00,Jaehwa,IdeState,Inactive,,,,,-1,-1,
2021-09-02T17:33:52.744+09:00,Jaehwa,IdeState,Inactive,,,,,-1,-1,
2021-09-02T17:33:53.756+09:00,Jaehwa,IdeState,Inactive,,,,,-1,-1,
2021-09-02T17:33:54.768+09:00,Jaehwa,IdeState,Inactive,,,,,-1,-1,
2021-09-02T17:33:55.783+09:00,Jaehwa,IdeState,Inactive,,,,,-1,-1,
2021-09-02T17:33:56.798+09:00,Jaehwa,IdeState,Inactive,,,,,-1,-1,
2021-09-02T17:33:57.801+09:00,Jaehwa,IdeState,Inactive,,,,,-1,-1,
2021-09-02T17:33:58.814+09:00,Jaehwa,IdeState,Inactive,,,,,-1,-1,
2021-09-02T17:33:59.826+09:00,Jaehwa,IdeState,Inactive,,,,,-1,-1,
2021-09-02T17:34:00.835+09:00,Jaehwa,IdeState,Inactive,,,,,-1,-1,
2021-09-02T17:34:01.846+09:00,Jaehwa,IdeState,Inactive,,,,,-1,-1,
2021-09-02T17:34:02.858+09:00,Jaehwa,IdeState,Inactive,,,,,-1,-1,
2021-09-02T17:34:03.868+09:00,Jaehwa,IdeState,Inactive,,,,,-1,-1,
2021-09-02T17:34:04.880+09:00,Jaehwa,IdeState,Inactive,,,,,-1,-1,
2021-09-02T17:34:05.896+09:00,Jaehwa,IdeState,Inactive,,,,,-1,-1,
2021-09-02T17:34:06.908+09:00,Jaehwa,IdeState,Inactive,,,,,-1,-1,
2021-09-02T17:34:07.920+09:00,Jaehwa,IdeState,Inactive,,,,,-1,-1,
2021-09-02T17:34:08.934+09:00,Jaehwa,IdeState,Inactive,,,,,-1,-1,
2021-09-02T17:34:09.943+09:00,Jaehwa,IdeState,Inactive,,,,,-1,-1,
2021-09-02T17:34:10.954+09:00,Jaehwa,IdeState,Inactive,,,,,-1,-1,
2021-09-02T17:34:11.963+09:00,Jaehwa,IdeState,Inactive,,,,,-1,-1,
2021-09-02T17:34:12.973+09:00,Jaehwa,IdeState,Inactive,,,,,-1,-1,
2021-09-02T17:34:13.982+09:00,Jaehwa,IdeState,Inactive,,,,,-1,-1,
2021-09-02T17:34:14.982+09:00,Jaehwa,IdeState,Inactive,,,,,-1,-1,
2021-09-02T17:34:15.991+09:00,Jaehwa,IdeState,Inactive,,,,,-1,-1,
2021-09-02T17:34:17.001+09:00,Jaehwa,IdeState,Inactive,,,,,-1,-1,
2021-09-02T17:34:18.010+09:00,Jaehwa,IdeState,Inactive,,,,,-1,-1,
2021-09-02T17:34:19.018+09:00,Jaehwa,IdeState,Inactive,,,,,-1,-1,
2021-09-02T17:34:20.031+09:00,Jaehwa,IdeState,Active,javaproject,Editor,C:/Users/Jaehwa/IdeaProjects/javaproject/src/HelloWorld.java,,5,0,Default task
2021-09-02T17:34:21.041+09:00,Jaehwa,IdeState,Active,javaproject,Editor,C:/Users/Jaehwa/IdeaProjects/javaproject/src/HelloWorld.java,,5,0,Default task
2021-09-02T17:34:22.053+09:00,Jaehwa,IdeState,Active,javaproject,Editor,C:/Users/Jaehwa/IdeaProjects/javaproject/src/HelloWorld.java,,5,0,Default task
2021-09-02T17:34:23.065+09:00,Jaehwa,IdeState,Active,javaproject,Editor,C:/Users/Jaehwa/IdeaProjects/javaproject/src/HelloWorld.java,,5,0,Default task
2021-09-02T17:34:24.079+09:00,Jaehwa,IdeState,Active,javaproject,Editor,C:/Users/Jaehwa/IdeaProjects/javaproject/src/HelloWorld.java,,5,0,Default task
2021-09-02T17:34:25.092+09:00,Jaehwa,IdeState,Active,javaproject,Editor,C:/Users/Jaehwa/IdeaProjects/javaproject/src/HelloWorld.java,,5,0,Default task
2021-09-02T17:34:26.109+09:00,Jaehwa,IdeState,Active,javaproject,Editor,C:/Users/Jaehwa/IdeaProjects/javaproject/src/HelloWorld.java,,5,0,Default task
2021-09-02T17:34:27.117+09:00,Jaehwa,IdeState,Active,javaproject,Editor,C:/Users/Jaehwa/IdeaProjects/javaproject/src/HelloWorld.java,,5,0,Default task
2021-09-02T17:34:28.129+09:00,Jaehwa,IdeState,Active,javaproject,Editor,C:/Users/Jaehwa/IdeaProjects/javaproject/src/HelloWorld.java,,5,0,Default task
2021-09-02T17:34:29.137+09:00,Jaehwa,IdeState,Active,javaproject,Editor,C:/Users/Jaehwa/IdeaProjects/javaproject/src/HelloWorld.java,,5,0,Default task
2021-09-02T17:34:30.150+09:00,Jaehwa,IdeState,Active,javaproject,Editor,C:/Users/Jaehwa/IdeaProjects/javaproject/src/HelloWorld.java,,5,0,Default task
2021-09-02T17:34:31.079+09:00,Jaehwa,KeyEvent,65535:524:0,javaproject,Editor,C:/Users/Jaehwa/IdeaProjects/javaproject/src/HelloWorld.java,,5,0,Default task
2021-09-02T17:34:31.082+09:00,Jaehwa,KeyEvent,65535:16:1,javaproject,Editor,C:/Users/Jaehwa/IdeaProjects/javaproject/src/HelloWorld.java,,5,0,Default task
2021-09-02T17:34:31.165+09:00,Jaehwa,IdeState,Active,javaproject,Editor,C:/Users/Jaehwa/IdeaProjects/javaproject/src/HelloWorld.java,,5,0,Default task
2021-09-02T17:34:32.167+09:00,Jaehwa,IdeState,Inactive,,,,,-1,-1,
2021-09-02T17:34:33.175+09:00,Jaehwa,IdeState,Inactive,,,,,-1,-1,
2021-09-02T17:34:34.181+09:00,Jaehwa,IdeState,Inactive,,,,,-1,-1,
2021-09-02T17:34:35.182+09:00,Jaehwa,IdeState,Inactive,,,,,-1,-1,
2021-09-02T17:34:36.193+09:00,Jaehwa,IdeState,Inactive,,,,,-1,-1,
2021-09-02T17:34:37.206+09:00,Jaehwa,IdeState,Inactive,,,,,-1,-1,
2021-09-02T17:34:38.216+09:00,Jaehwa,IdeState,Inactive,,,,,-1,-1,
2021-09-02T17:34:39.225+09:00,Jaehwa,IdeState,Inactive,,,,,-1,-1,
2021-09-02T17:34:40.236+09:00,Jaehwa,IdeState,Inactive,,,,,-1,-1,
2021-09-02T17:34:41.240+09:00,Jaehwa,IdeState,Active,javaproject,Editor,C:/Users/Jaehwa/IdeaProjects/javaproject/src/HelloWorld.java,,5,0,Default task
2021-09-02T17:34:42.247+09:00,Jaehwa,IdeState,Active,javaproject,Editor,C:/Users/Jaehwa/IdeaProjects/javaproject/src/HelloWorld.java,,5,0,Default task
2021-09-02T17:34:43.261+09:00,Jaehwa,IdeState,Active,javaproject,Editor,C:/Users/Jaehwa/IdeaProjects/javaproject/src/HelloWorld.java,,5,0,Default task
2021-09-02T17:34:44.267+09:00,Jaehwa,IdeState,Inactive,,,,,-1,-1,
2021-09-02T17:34:45.280+09:00,Jaehwa,IdeState,Inactive,,,,,-1,-1,
2021-09-02T17:34:46.291+09:00,Jaehwa,IdeState,Inactive,,,,,-1,-1,
2021-09-02T17:34:47.296+09:00,Jaehwa,IdeState,Inactive,,,,,-1,-1,
2021-09-02T17:34:48.302+09:00,Jaehwa,IdeState,Inactive,,,,,-1,-1,
2021-09-02T17:34:49.304+09:00,Jaehwa,IdeState,Inactive,,,,,-1,-1,
2021-09-02T17:34:50.308+09:00,Jaehwa,IdeState,Inactive,,,,,-1,-1,
2021-09-02T17:34:51.320+09:00,Jaehwa,IdeState,Inactive,,,,,-1,-1,
2021-09-02T17:34:52.335+09:00,Jaehwa,IdeState,Inactive,,,,,-1,-1,
2021-09-02T17:34:53.343+09:00,Jaehwa,IdeState,Inactive,,,,,-1,-1,
2021-09-02T17:34:54.352+09:00,Jaehwa,IdeState,Inactive,,,,,-1,-1,
2021-09-02T17:34:55.363+09:00,Jaehwa,IdeState,Inactive,,,,,-1,-1,
2021-09-02T17:34:56.370+09:00,Jaehwa,IdeState,Inactive,,,,,-1,-1,
2021-09-02T17:34:57.380+09:00,Jaehwa,IdeState,Inactive,,,,,-1,-1,
